corp_code,stock_code,corp_name,market,code,name,market_krx,marcap,log_marcap
01267170,285130,SK케미칼,KOSPI,285130,SK케미칼,KOSPI,842449904200,27.45958003651485
00684714,103140,풍산,KOSPI,103140,풍산,KOSPI,2457729180600,28.530258942239044
00657002,200710,에이디테크놀로지,KOSDAQ,200710,에이디테크놀로지,KOSDAQ,603771013950,27.126460847021775
00414850,094280,효성 ITX,KOSPI,094280,효성ITX,KOSPI,146789140000,25.712262972188668
01316236,298000,효성화학,KOSPI,298000,효성화학,KOSPI,147501447900,25.71710382894929
01316254,298050,HS효성첨단소재,KOSPI,298050,HS효성첨단소재,KOSPI,1021428144000,27.652222905117526
00547583,086790,하나금융지주,KOSPI,086790,하나금융지주,KOSPI,32649762012000,31.116858682558572
00141246,016250,SGC E&C,KOSDAQ,016250,SGC E&C,KOSDAQ,75051091400,25.041434937225272
00120076,001120,LX인터내셔널,KOSPI,001120,LX인터내셔널,KOSPI,1761642000000,28.197267444592466
01205709,267250,HD현대,KOSPI,267250,HD현대,KOSPI,21288636407500,30.689194544285797
00101664,214390,경보제약,KOSPI,214390,경보제약,KOSPI,146788120400,25.712256026146605
00126308,028050,삼성E&A,KOSPI,028050,삼성E&A,KOSPI,9917600000000,29.925332072470347
00500254,078930,GS,KOSPI,078930,GS,KOSPI,7182358719400,29.602648957491535
00138190,001250,GS글로벌,KOSPI,001250,GS글로벌,KOSPI,316929653760,26.481945673768465
01042775,204320,HL만도,KOSPI,204320,HL만도,KOSPI,2897254304000,28.694784612706446
00109693,000210,DL,KOSPI,000210,DL,KOSPI,1255257451600,27.858361808190946
00148276,030000,제일기획,KOSPI,030000,제일기획,KOSPI,2253657597750,28.443575611289
00877059,207940,삼성바이오로직스,KOSPI,207940,삼성바이오로직스,KOSPI,65686859469000,31.815920013332637
00137207,011330,유니켐,KOSPI,011330,유니켐,KOSPI,51136503579,24.65776443487887
00164830,009540,HD한국조선해양,KOSPI,009540,HD한국조선해양,KOSPI,29441616256000,31.013430308282274
00631518,096770,SK이노베이션,KOSPI,096770,SK이노베이션,KOSPI,20878019318000,30.669718014194427
00401731,066570,LG전자,KOSPI,066570,LG전자,KOSPI,39173755439000,31.299028134399865
00992871,185750,종근당,KOSPI,185750,종근당,KOSPI,1120785736000,27.745051105264384
00390055,063160,종근당바이오,KOSPI,063160,종근당바이오,KOSPI,101545156620,25.34376942930067
00579971,094360,칩스앤미디어,KOSDAQ,094360,칩스앤미디어,KOSDAQ,371214627600,26.64004624333205
00159023,017670,SK텔레콤,KOSPI,017670,SK텔레콤,KOSPI,21758232368900,30.71101330156983
00104388,007690,국도화학,KOSPI,007690,국도화학,KOSPI,355152907200,26.5958142581937
00154462,002790,아모레퍼시픽홀딩스,KOSPI,002790,아모레퍼시픽홀딩스,KOSPI,1957329408000,28.30260211312105
00131780,001740,SK네트웍스,KOSPI,001740,SK네트웍스,KOSPI,1749178712080,28.190167486321936
00583424,090430,아모레퍼시픽,KOSPI,090430,아모레퍼시픽,KOSPI,7136116598000,29.5961898504786
00261355,038390,레드캡투어,KOSDAQ,038390,레드캡투어,KOSDAQ,174230965240,25.88364764239917
00233653,034830,한국토지신탁,KOSPI,034830,한국토지신탁,KOSPI,387570968050,26.683164812325955
00868705,136540,윈스테크넷,KOSDAQ,136540,윈스테크넷,KOSDAQ,150304091040,25.73592635249658
00350482,045300,성우테크론,KOSDAQ,045300,성우테크론,KOSDAQ,36914542000,24.331871402499903
00927558,206650,유바이오로직스,KOSDAQ,206650,유바이오로직스,KOSDAQ,418278466730,26.759413236015494
00138242,003620,KG모빌리티,KOSPI,003620,KG모빌리티,KOSPI,782179034880,27.38534949614718
00221728,066130,하츠,KOSDAQ,066130,하츠,KOSDAQ,51072000000,24.656502238773754
00126380,005930,삼성전자,KOSPI,005930,삼성전자,KOSPI,1581418363464000,34.997098537654274
00266961,035420,NAVER,KOSPI,035420,NAVER,KOSPI,31923813416000,31.094373349294234
01093007,229640,LS에코에너지,KOSPI,229640,LS에코에너지,KOSPI,2486740174800,28.54199380195072
00155258,058430,포스코스틸리온,KOSPI,058430,포스코스틸리온,KOSPI,421200000000,26.76637361720623
01316227,298020,효성티앤씨,KOSPI,298020,효성티앤씨,KOSPI,1904180080000,28.275072627657263
01316245,298040,효성중공업,KOSPI,298040,효성중공업,KOSPI,34920432260000,31.184093225402947
00140168,035000,HS애드,KOSPI,035000,HS애드,KOSPI,122853941520,25.5342620194038
00140177,007070,GS리테일,KOSPI,007070,GS리테일,KOSPI,2462238371750,28.532091959373638
00156859,030210,다올투자증권,KOSPI,030210,다올투자증권,KOSPI,243644424000,26.218975720687784
01205851,267260,HD현대일렉트릭,KOSPI,267260,HD현대일렉트릭,KOSPI,42499572165000,31.380515125102367
00124504,047050,포스코인터내셔널,KOSPI,047050,포스코인터내셔널,KOSPI,12648848457200,30.168587295907116
00356361,051910,LG화학,KOSPI,051910,LG화학,KOSPI,26401536282000,30.9044433168877
00155319,005490,POSCO홀딩스,KOSPI,005490,POSCO홀딩스,KOSPI,37045413872500,31.243165677890246
00134963,004430,송원산업,KOSPI,004430,송원산업,KOSPI,297360000000,26.418209362935407
01205842,267270,HD건설기계,KOSPI,267270,HD건설기계,KOSPI,7790996763200,29.683989921823454
00130763,046890,서울반도체,KOSDAQ,046890,서울반도체,KOSDAQ,939883048000,27.569021287448745
00159786,014830,유니드,KOSPI,014830,유니드,KOSPI,534640400000,27.004860208315936
00349097,053210,케이티스카이라이프,KOSPI,053210,스카이라이프,KOSPI,215754215700,26.097405706464126
00105873,034220,LG디스플레이,KOSPI,034220,LG디스플레이,KOSPI,7050000000000,29.584048732752727
00113526,003490,대한항공,KOSPI,003490,대한항공,KOSPI,9592148219050,29.891965985895716
00173032,025900,동화기업,KOSDAQ,025900,동화기업,KOSDAQ,489900091650,26.917467312669917
00156691,005430,한국공항,KOSPI,005430,한국공항,KOSPI,217845224000,26.107050665927794
00759513,108670,LX하우시스,KOSPI,108670,LX하우시스,KOSPI,344806911500,26.566250420488647
00117188,004800,효성,KOSPI,004800,효성,KOSPI,3783331982000,28.96162621400717
00129013,011150,CJ씨푸드,KOSPI,011150,CJ씨푸드,KOSPI,89826932500,25.221150683769675
00219486,035510,신세계I&C,KOSPI,035510,신세계 I&C,KOSPI,274864494000,26.339544064081345
00361381,054950,제이브이엠,KOSDAQ,054950,제이브이엠,KOSDAQ,292575386400,26.40198820169337
00105855,010120,엘에스일렉트릭,KOSPI,010120,LS ELECTRIC,KOSPI,38850000000000,31.290729192742205
00660291,109080,옵티시스,KOSDAQ,109080,옵티시스,KOSDAQ,76875040000,25.065447083398162
00120030,006360,GS건설,KOSPI,006360,GS건설,KOSPI,2738607680000,28.6384707611932
00160232,044450,KSS해운,KOSPI,044450,KSS해운,KOSPI,259485291200,26.281965856635697
00980122,175330,JB금융지주,KOSPI,175330,JB금융지주,KOSPI,4696926920800,29.177929564155328
00231363,032640,LG유플러스,KOSPI,032640,LG유플러스,KOSPI,6967517634550,29.572280127271682
00126371,009150,삼성전기,KOSPI,009150,삼성전기,KOSPI,75440632960000,31.954367144462456
00116301,008260,NI스틸,KOSPI,008260,NI스틸,KOSPI,105248430560,25.37958939785378
01310269,294870,IPARK현대산업개발,KOSPI,294870,IPARK현대산업개발,KOSPI,1509277857000,28.042652411964617
00172291,012510,더존비즈온,KOSPI,012510,더존비즈온,KOSPI,3647378400000,28.92502977888496
00124540,047040,대우건설,KOSPI,047040,대우건설,KOSPI,11710867683000,30.091538388401965
01067516,215000,골프존,KOSDAQ,215000,골프존,KOSDAQ,298395983250,26.421687244226973
00141413,012280,영화금속,KOSPI,012280,영화금속,KOSPI,50889537425,24.65292318780256
01014055,234300,에스트래픽,KOSDAQ,234300,에스트래픽,KOSDAQ,91826257500,25.243164123086007
00155276,003670,포스코퓨처엠,KOSPI,003670,포스코퓨처엠,KOSPI,20946834810000,30.67300866782761
00158501,012750,에스원,KOSPI,012750,에스원,KOSPI,2853738267800,28.67965092362997
00138279,010950,S-Oil,KOSPI,010950,S-Oil,KOSPI,12620530983200,30.166346046895008
00273439,041920,메디아나,KOSDAQ,041920,메디아나,KOSDAQ,331420333860,26.52665329750981
00565154,214320,이노션,KOSPI,214320,이노션,KOSPI,834000000000,27.44949923930516
00767460,178920,PI첨단소재,KOSPI,178920,PI첨단소재,KOSPI,819320383800,27.431741033315998
00159698,071320,지역난방공사,KOSPI,071320,지역난방공사,KOSPI,888089664800,27.512338548714936
00139454,018250,애경산업,KOSPI,018250,애경산업,KOSPI,354949526400,26.59524143715848
00360595,086280,현대글로비스,KOSPI,086280,현대글로비스,KOSPI,18150000000000,30.52969167663941
00165680,008770,호텔신라,KOSPI,008770,호텔신라,KOSPI,2453007562500,28.52833596415979
00164788,012330,현대모비스,KOSPI,012330,현대모비스,KOSPI,57070794707000,31.675313625507247
00126362,006400,삼성SDI,KOSPI,006400,삼성SDI,KOSPI,49479515420000,31.53257986995298
00105961,011070,LG이노텍,KOSPI,011070,LG이노텍,KOSPI,17324322324000,30.48313254474165
00126292,029780,삼성카드,KOSPI,029780,삼성카드,KOSPI,5885631662800,29.4035351852564
00106623,011210,현대위아,KOSPI,011210,현대위아,KOSPI,2510106160900,28.551346163357106
00164478,000720,현대건설,KOSPI,000720,현대건설,KOSPI,17260143575000,30.479421119915397
00145880,004020,현대제철,KOSPI,004020,현대제철,KOSPI,6158522977750,29.448858088383748
00141389,036560,KZ정밀,KOSDAQ,036560,KZ정밀,KOSDAQ,211365000000,26.07685233376159
00106641,000270,기아,KOSPI,000270,기아,KOSPI,65589383664000,31.81443496439175
00166573,016580,환인제약,KOSPI,016580,환인제약,KOSPI,213342802900,26.086166112240626
00302926,064350,현대로템,KOSPI,064350,현대로템,KOSPI,21992172039500,30.72170768958283
00164742,005380,현대자동차,KOSPI,005380,현대차,KOSPI,143330436200000,32.59617382318563
00157681,004000,롯데정밀화학,KOSPI,004000,롯데정밀화학,KOSPI,1424160000000,27.984603282157032
00356370,051900,LG생활건강,KOSPI,051900,LG생활건강,KOSPI,4098058216000,29.041534371598477
00611736,092870,엑시콘,KOSDAQ,092870,엑시콘,KOSDAQ,377168033300,26.655956636765566
00126186,018260,삼성에스디에스,KOSPI,018260,삼성에스디에스,KOSPI,14624404200000,30.313712769755096
00164779,000660,SK하이닉스,KOSPI,000660,SK하이닉스,KOSPI,1296405601935000,34.79837190833363
00422895,067830,세이브존I&C,KOSPI,067830,세이브존I&C,KOSPI,119839413400,25.509418461843527
00359395,084990,헬릭스미스,KOSDAQ,084990,헬릭스미스,KOSDAQ,350305257200,26.582070774744917
00149655,028260,삼성물산,KOSPI,028260,삼성물산,KOSPI,64300000966500,31.794580762203225
00871833,237690,에스티팜,KOSDAQ,237690,에스티팜,KOSDAQ,2739417607800,28.63876646183836
00155452,023900,풍국주정,KOSDAQ,023900,풍국주정,KOSDAQ,118440000000,25.4976723401798
01078178,218410,RFHIC,KOSDAQ,218410,RFHIC,KOSDAQ,2578339218200,28.578166593713373
00536541,086520,에코프로,KOSDAQ,086520,에코프로,KOSDAQ,17542278838400,30.495635016805128
00181299,089980,상아프론테크,KOSDAQ,089980,상아프론테크,KOSDAQ,364550043600,26.62192967279835
01032413,195870,해성디에스,KOSPI,195870,해성디에스,KOSPI,1489200000000,28.029260178944973
00587457,094480,갤럭시아머니트리,KOSDAQ,094480,갤럭시아머니트리,KOSDAQ,277354954660,26.34856394757509
00136378,004170,신세계,KOSPI,004170,신세계,KOSPI,5109842921000,29.26218978014136
00447487,080220,제주반도체,KOSDAQ,080220,제주반도체,KOSDAQ,2834645155900,28.67293787980704
00579999,098460,고영,KOSDAQ,098460,고영,KOSDAQ,2499033082000,28.546925005788978
00872984,139480,이마트,KOSPI,139480,이마트,KOSPI,2828571447500,28.670792911265643
00261285,036460,한국가스공사,KOSPI,036460,한국가스공사,KOSPI,3494047050000,28.882081793491363
00126478,010140,삼성중공업,KOSPI,010140,삼성중공업,KOSPI,25784000000000,30.880775260441684
00957735,237880,클리오,KOSDAQ,237880,클리오,KOSDAQ,219024798360,26.112450794872917
00171265,034230,파라다이스,KOSPI,034230,파라다이스,KOSPI,1418155838420,27.980378438155054
00557508,114090,GKL,KOSPI,114090,GKL,KOSPI,779999998700,27.38255975496338
00115977,010780,아이에스동서,KOSPI,010780,아이에스동서,KOSPI,917684070400,27.54511901844267
00524421,095610,테스,KOSDAQ,095610,테스,KOSDAQ,2286416000000,28.458006641998157
00409672,084870,티비에이치글로벌,KOSPI,084870,TBH글로벌,KOSPI,42235058475,24.466516482640124
00456218,080160,모두투어,KOSDAQ,080160,모두투어,KOSDAQ,190890000000,25.97496318285922
00956930,170900,동아에스티,KOSPI,170900,동아에스티,KOSPI,408082007050,26.734733988824814
00269922,041830,인바디,KOSDAQ,041830,인바디,KOSDAQ,603943513600,27.12674650997811
00203315,036420,콘텐트리중앙,KOSPI,036420,콘텐트리중앙,KOSPI,102668101640,25.354767308167187
00412597,057050,현대홈쇼핑,KOSPI,057050,현대홈쇼핑,KOSPI,1036800000000,27.66716016254442
00260879,042000,카페24,KOSDAQ,042000,카페24,KOSDAQ,527503924500,26.991422142079383
00693554,104480,티케이케미칼,KOSDAQ,104480,티케이케미칼,KOSDAQ,203151294990,26.037216833910655
00119672,016740,두올,KOSPI,016740,두올,KOSPI,137491945080,25.646831171100725
00916516,189980,흥국에프엔비,KOSDAQ,189980,흥국에프엔비,KOSDAQ,58480813939,24.79196457053663
00228059,084110,휴온스글로벌,KOSDAQ,084110,휴온스글로벌,KOSDAQ,479173884200,26.89532938351463
00796994,120030,조선선재,KOSPI,120030,조선선재,KOSPI,118722254400,25.500052605403518
00149026,000590,CS홀딩스,KOSPI,000590,CS홀딩스,KOSPI,87740632000,25.197650935758606
00523307,068240,다원시스,KOSDAQ,068240,다원시스,KOSDAQ,96553495610,25.293363050344208
00103176,000540,흥국화재,KOSPI,000540,흥국화재,KOSPI,257291793225,26.273476659981164
00152127,036710,심텍홀딩스,KOSDAQ,036710,심텍홀딩스,KOSDAQ,232442117600,26.171907074419853
01095722,222800,심텍,KOSDAQ,222800,심텍,KOSDAQ,3757632279300,28.954810162025748
00160588,000880,한화,KOSPI,000880,한화,KOSPI,9969819746600,29.93058362016012
00112332,085620,미래에셋생명,KOSPI,085620,미래에셋생명,KOSPI,1996608600000,28.322471157161907
00146232,013360,일성건설,KOSPI,013360,일성건설,KOSPI,87574330480,25.19575376089654
01144028,260930,씨티케이,KOSDAQ,260930,씨티케이,KOSDAQ,64697621895,24.892990281904492
01186404,263720,디앤씨미디어,KOSDAQ,263720,디앤씨미디어,KOSDAQ,135297241900,25.63073998684516
00143262,010400,우진아이엔에스,KOSPI,010400,우진아이엔에스,KOSPI,27744080000,24.046288321046728
00413046,068270,셀트리온,KOSPI,068270,셀트리온,KOSPI,41901943676800,31.366353330248508
00105280,005440,현대지에프홀딩스,KOSPI,005440,현대지에프홀딩스,KOSPI,2310501740820,28.468485820695097
00442826,078140,대봉엘에스,KOSDAQ,078140,대봉엘에스,KOSDAQ,110865790000,25.431586207609595
00397289,067170,오텍,KOSDAQ,067170,오텍,KOSDAQ,91625371240,25.240974048877625
00526599,145720,덴티움,KOSPI,145720,덴티움,KOSPI,445855164700,26.823259993400992
00860730,140910,에이리츠,KOSPI,140910,에이리츠,KOSPI,13969290160,23.36012719718488
00164973,001450,현대해상,KOSPI,001450,현대해상,KOSPI,2843029137500,28.675891197401732
01238169,271560,오리온,KOSPI,271560,오리온,KOSPI,5574594612000,29.34924071529452
00353878,058730,다스코,KOSPI,058730,다스코,KOSPI,62836896150,24.863808256211353
00159193,015760,한국전력공사,KOSPI,015760,한국전력,KOSPI,24876107983750,30.844928940041537
00439965,121600,나노신소재,KOSDAQ,121600,나노신소재,KOSDAQ,867561322800,27.488952035375696
00613318,122870,와이지엔터테인먼트,KOSDAQ,122870,와이지엔터테인먼트,KOSDAQ,930814240200,27.559325567140203
00244747,140860,파크시스템스,KOSDAQ,140860,파크시스템스,KOSDAQ,1850853826500,28.246668176385406
00603348,093320,케이아이엔엑스,KOSDAQ,093320,케이아이엔엑스,KOSDAQ,559736000000,27.050731080946793
00113058,088350,한화생명,KOSPI,088350,한화생명,KOSPI,4681376700000,29.174613349266238
01159853,243070,휴온스,KOSDAQ,243070,휴온스,KOSDAQ,416892342000,26.756093852751043
00152880,003070,코오롱글로벌,KOSPI,003070,코오롱글로벌,KOSPI,266951569500,26.310333091253483
00244455,033780,케이티앤지,KOSPI,033780,KT&G,KOSPI,18665119988800,30.557677656819838
00157636,024880,케이피에프,KOSDAQ,024880,케이피에프,KOSDAQ,113919560100,25.45875842312088
00159102,005830,DB손해보험,KOSPI,005830,DB손해보험,KOSPI,10774807410500,30.008231878023125
00126566,012450,한화에어로스페이스,KOSPI,012450,한화에어로스페이스,KOSPI,62701095616000,31.76940003735415
00119007,009580,무림P&P,KOSPI,009580,무림P&P,KOSPI,153114235420,25.75445011647633
00139214,000810,삼성화재해상보험,KOSPI,000810,삼성화재,KOSPI,24734700042000,30.83922823366992
00162461,009830,한화솔루션,KOSPI,009830,한화솔루션,KOSPI,6978836961600,29.573903394406834
00189538,032580,피델릭스,KOSDAQ,032580,피델릭스,KOSDAQ,128055427360,25.57572903338722
00617998,234100,폴라리스세원,KOSDAQ,234100,폴라리스세원,KOSDAQ,74468346660,25.033639994999117
00795135,120110,코오롱인더,KOSPI,120110,코오롱인더,KOSPI,2392687956800,28.503438518023724
00400857,078520,에이블씨엔씨,KOSPI,078520,에이블씨엔씨,KOSPI,392293547880,26.695276243123786
00350312,039570,HDC랩스,KOSPI,039570,HDC랩스,KOSPI,207401231990,26.05792107288813
00609324,100120,뷰웍스,KOSDAQ,100120,뷰웍스,KOSDAQ,287085152000,26.383044705564334
00139719,019210,와이지-원,KOSDAQ,019210,와이지-원,KOSDAQ,655725424640,27.209007978269813
00366942,059090,미코,KOSDAQ,059090,미코,KOSDAQ,743523310500,27.3346659547425
00247975,036830,솔브레인홀딩스,KOSDAQ,036830,솔브레인홀딩스,KOSDAQ,1164626120800,27.7834212250864
00299464,047820,초록뱀미디어,KOSDAQ,047820,초록뱀미디어,KOSDAQ,139387401000,25.66052295098744
00917861,192440,슈피겐코리아,KOSDAQ,192440,슈피겐코리아,KOSDAQ,176855527350,25.898599006562417
00357430,049960,쎌바이오텍,KOSDAQ,049960,쎌바이오텍,KOSDAQ,159800000000,25.797188870278585
01168383,249420,일동제약,KOSPI,249420,일동제약,KOSPI,703951107000,27.27997474040858
00146083,000230,일동홀딩스,KOSPI,000230,일동홀딩스,KOSPI,94285068000,25.26958866834262
00604426,119610,인터로조,KOSDAQ,119610,인터로조,KOSDAQ,218002567700,26.107772678106503
00119140,143210,핸즈코퍼레이션,KOSPI,143210,핸즈코퍼레이션,KOSPI,26229020653,23.990132293223844
00264547,035600,KG이니시스,KOSDAQ,035600,KG이니시스,KOSDAQ,288494923980,26.387943328216384
00550994,099190,아이센스,KOSDAQ,099190,아이센스,KOSDAQ,516768842730,26.97086149876222
00614478,200670,휴메딕스,KOSDAQ,200670,휴메딕스,KOSDAQ,354865788000,26.59500549296655
00787057,115160,휴맥스,KOSDAQ,115160,휴맥스,KOSDAQ,32642914940,24.2088936688146
00159218,051600,한전KPS,KOSPI,051600,한전KPS,KOSPI,2538000000000,28.562397485220743
00525882,096240,크레버스,KOSDAQ,096240,크레버스,KOSDAQ,113717326200,25.456981611317726
01032404,200130,콜마비앤에이치,KOSDAQ,200130,콜마비앤에이치,KOSDAQ,341808783960,26.557517306419978
00128555,004690,삼천리,KOSPI,004690,삼천리,KOSPI,495055060500,26.927934826662465
00105271,002380,케이씨씨,KOSPI,002380,KCC,KOSPI,4745375514000,29.188191683742158
00816544,214420,토니모리,KOSPI,214420,토니모리,KOSPI,166459209080,25.83801612584132
00414601,077500,유니퀘스트,KOSPI,077500,유니퀘스트,KOSPI,169776801720,25.85775048028872
00628189,095720,웅진씽크빅,KOSPI,095720,웅진씽크빅,KOSPI,113540515830,25.455425577835268
00120526,023530,롯데쇼핑,KOSPI,023530,롯데쇼핑,KOSPI,4803430599000,29.200351486685168
01135941,240810,원익IPS,KOSDAQ,240810,원익IPS,KOSDAQ,5629923444700,29.35911696024347
00265324,035760,CJ ENM,KOSDAQ,035760,CJ ENM,KOSDAQ,962689860600,27.59299714142183
00170558,021240,코웨이,KOSPI,021240,코웨이,KOSPI,6701675242200,29.533378647220893
00244561,035080,그래디언트,KOSDAQ,035080,그래디언트,KOSDAQ,117170661000,25.486897349986343
00255619,035250,강원랜드,KOSPI,035250,강원랜드,KOSPI,3487230150000,28.88012888373824
00635134,097950,CJ제일제당,KOSPI,097950,CJ제일제당,KOSPI,3439881501000,28.86645813933681
01168684,253450,스튜디오드래곤,KOSDAQ,253450,스튜디오드래곤,KOSDAQ,918287113900,27.545775938907266
00138792,020560,아시아나항공,KOSPI,020560,아시아나항공,KOSPI,1518151540070,28.04851461868754
00206686,042040,케이피엠테크,KOSDAQ,042040,케이피엠테크,KOSDAQ,24907036896,23.938416206756504
00524786,086670,비엠티,KOSDAQ,086670,비엠티,KOSDAQ,152660111300,25.75147979238761
00399694,067160,SOOP,KOSDAQ,067160,SOOP,KOSDAQ,604624744200,27.127873845017316
00161125,018880,한온시스템,KOSPI,018880,한온시스템,KOSPI,5182625887600,29.2763329718634
00819073,216050,인크로스,KOSDAQ,216050,인크로스,KOSDAQ,81297595260,25.121382274464935
00258801,035720,카카오,KOSPI,035720,카카오,KOSPI,19496898828000,30.601276534389388
01152470,263750,펄어비스,KOSDAQ,263750,펄어비스,KOSDAQ,3032498756000,28.740408067541942
00983271,181710,NHN,KOSPI,181710,NHN,KOSPI,1247894595900,27.85247892389551
00404701,123890,한국자산신탁,KOSPI,123890,한국자산신탁,KOSPI,296756770550,26.416178685845672
00645089,104200,NHN벅스,KOSDAQ,104200,NHN벅스,KOSDAQ,53082629000,24.69511557419671
00693651,121800,비덴트,KOSDAQ,121800,비덴트,KOSDAQ,256309348520,26.269650944563455
00545734,092040,아미코젠,KOSDAQ,092040,아미코젠,KOSDAQ,117499908581,25.48970339249628
00939331,161890,한국콜마,KOSPI,161890,한국콜마,KOSPI,2292052976700,28.46046902825738
00527464,072990,에이치시티,KOSDAQ,072990,에이치시티,KOSDAQ,63284669190,24.870908943872113
00372882,058850,KTcs,KOSPI,058850,KTcs,KOSPI,108479659000,25.40982851769698
00117212,000150,두산,KOSPI,000150,두산,KOSPI,26136849690000,30.894367300029447
00309503,047810,한국항공우주,KOSPI,047810,한국항공우주,KOSPI,15703239737700,30.384888159714762
00357740,060250,NHN KCP,KOSDAQ,060250,NHN KCP,KOSDAQ,720481361340,27.30318538298823
00403632,126560,현대퓨처넷,KOSPI,126560,현대퓨처넷,KOSPI,341629129500,26.556991568937175
00537337,092600,앤씨앤,KOSDAQ,092600,앤씨앤,KOSDAQ,32157066230,24.193898052904455
00159616,034020,두산에너빌리티,KOSPI,034020,두산에너빌리티,KOSPI,70974174976800,31.893337194081944
00904672,251270,넷마블,KOSPI,251270,넷마블,KOSPI,3539573467200,28.895027346323264
00937324,161390,한국타이어앤테크놀로지,KOSPI,161390,한국타이어앤테크놀로지,KOSPI,7705029291800,29.67289438635466
00101488,009450,경동나비엔,KOSPI,009450,경동나비엔,KOSPI,1028542595200,27.659163960057885
00158149,002960,한국쉘석유,KOSPI,002960,한국쉘석유,KOSPI,754000000000,27.34865820495437
00220057,032620,GC메디아이,KOSDAQ,032620,GC메디아이,KOSDAQ,194434342775,25.99336037373537
00139889,011790,SKC,KOSPI,011790,SKC,KOSPI,5055417783000,29.251481612463614
00643656,101730,위메이드맥스,KOSDAQ,101730,위메이드맥스,KOSDAQ,393875444200,26.699300564792175
00444329,112040,위메이드,KOSDAQ,112040,위메이드,KOSDAQ,702733598100,27.27824370686623
00628860,095660,네오위즈,KOSDAQ,095660,네오위즈,KOSDAQ,447874701300,26.82777934564415
00513948,142280,녹십자엠에스,KOSDAQ,142280,녹십자엠에스,KOSDAQ,93816410690,25.264605631707088
00161046,002390,한독,KOSPI,002390,한독,KOSPI,133093364110,25.614316704680864
00158307,071840,롯데하이마트,KOSPI,071840,롯데하이마트,KOSPI,169739449280,25.857530446991102
00164636,012630,HDC,KOSPI,012630,HDC,KOSPI,1442762562150,27.99758083758674
00490151,091700,파트론,KOSDAQ,091700,파트론,KOSDAQ,361500000000,26.61352787854523
00360142,122900,아이마켓코리아,KOSPI,122900,아이마켓코리아,KOSPI,247373416000,26.234164837614685
00332927,194370,제이에스코퍼레이션,KOSPI,194370,제이에스코퍼레이션,KOSPI,391726233000,26.693829047548242
00223762,043610,KT지니뮤직,KOSDAQ,043610,KT지니뮤직,KOSDAQ,96762204270,25.29552230322661
01263022,282330,BGF리테일,KOSPI,282330,BGF리테일,KOSPI,2431845574200,28.519671580565763
00228536,041440,현대에버다임,KOSDAQ,041440,현대에버다임,KOSDAQ,154435437280,25.76304196426448
00163691,000700,유수홀딩스,KOSPI,000700,유수홀딩스,KOSPI,153646690800,25.757921588030968
00219097,027410,BGF,KOSPI,027410,BGF,KOSPI,476191035225,26.889084945170982
00188089,020000,한섬,KOSPI,020000,한섬,KOSPI,604697281650,27.12799380884587
00372873,058860,KTis,KOSPI,058860,KTis,KOSPI,96923570000,25.297188566719043
00858364,138930,BNK금융지주,KOSPI,138930,BNK금융지주,KOSPI,5374864211560,29.31275442665758
00165413,011170,롯데케미칼,KOSPI,011170,롯데케미칼,KOSPI,3700073743500,28.93937386605579
00303873,079160,CJ CGV,KOSPI,079160,CJ CGV,KOSPI,811353686500,27.42196990758343
01032486,241560,두산밥캣,KOSPI,241560,두산밥캣,KOSPI,6681167730500,29.530313898154713
00129679,006280,녹십자,KOSPI,006280,녹십자,KOSPI,1620922820600,28.114016745333906
00382199,055550,신한지주,KOSPI,055550,신한지주,KOSPI,45139629731100,31.440781684605962
00190321,030200,케이티,KOSPI,030200,KT,KOSPI,14793672909500,30.32522069917696
00159795,017960,한국카본,KOSPI,017960,한국카본,KOSPI,2025795750000,28.33698370226029
00385363,065450,빅텍,KOSDAQ,065450,빅텍,KOSDAQ,135828172815,25.63465648869151
00555874,089590,제주항공,KOSPI,089590,제주항공,KOSPI,401592105300,26.71870274701318
00292434,048530,인트론바이오,KOSDAQ,048530,인트론바이오,KOSDAQ,97617955280,25.3043272814782
00171636,004150,한솔홀딩스,KOSPI,004150,한솔홀딩스,KOSPI,151798494000,25.74581978091011
00997812,183300,코미코,KOSDAQ,183300,코미코,KOSDAQ,1632912772400,28.12138651293602
00261443,036570,NC,KOSPI,036570,NC,KOSPI,5849201973000,29.397326352995165
01010110,192080,더블유게임즈,KOSPI,192080,더블유게임즈,KOSPI,1251351958800,27.85524564981052
01010642,144510,지씨셀,KOSDAQ,144510,지씨셀,KOSDAQ,343657482000,26.562911306428916
01262032,286940,롯데이노베이트,KOSPI,286940,롯데이노베이트,KOSPI,335871947400,26.53999581534058
01060744,213500,한솔제지,KOSPI,213500,한솔제지,KOSPI,172554176000,25.87397708787824
00405719,052460,아이크래프트,KOSDAQ,052460,아이크래프트,KOSDAQ,48425307840,24.603288403266244
00148832,006220,제주은행,KOSPI,006220,제주은행,KOSPI,425233766250,26.775904892890537
00571483,138080,오이솔루션,KOSDAQ,138080,오이솔루션,KOSDAQ,506869190100,26.951518799555576
00222532,037560,LG헬로비전,KOSPI,037560,LG헬로비전,KOSPI,174255446250,25.883788141478806
00347062,052260,현대바이오랜드,KOSDAQ,052260,현대바이오랜드,KOSDAQ,125550000000,25.555969922550005
00127954,051500,CJ프레시웨이,KOSDAQ,051500,CJ프레시웨이,KOSDAQ,308661236000,26.45551018881722
00300548,079430,현대리바트,KOSPI,079430,현대리바트,KOSPI,140799414000,25.670602118729875
00148896,010060,OCI홀딩스,KOSPI,010060,OCI홀딩스,KOSPI,5433037512000,29.323519487946765
00415707,069410,엔텔스,KOSDAQ,069410,엔텔스,KOSDAQ,50148413480,24.638252715360423
00358271,056190,에스에프에이,KOSDAQ,056190,에스에프에이,KOSDAQ,1032376850000,27.662884881060187
00298270,053800,안랩,KOSDAQ,053800,안랩,KOSDAQ,689843372000,27.259730411668524
00149354,001630,종근당홀딩스,KOSPI,001630,종근당홀딩스,KOSPI,237968397500,26.195403718187915
00144164,018670,SK가스,KOSPI,018670,SK가스,KOSPI,2684600760000,28.618553140096086
00161693,009240,한샘,KOSPI,009240,한샘,KOSPI,834277747600,27.44983221455819
00120021,003550,LG,KOSPI,003550,LG,KOSPI,19431919710000,30.597938175775504
00227333,033640,네패스,KOSDAQ,033640,네패스,KOSDAQ,720600062500,27.303350121993677
00671376,091810,트리니티항공,KOSPI,091810,트리니티항공,KOSPI,361348299375,26.613108148354655
00688996,105560,KB금융,KOSPI,105560,KB금융,KOSPI,58015530798000,31.691731863009654
00688358,221840,하이즈항공,KOSDAQ,221840,하이즈항공,KOSDAQ,47966938965,24.593777838979694
00190756,067900,와이엔텍,KOSDAQ,067900,와이엔텍,KOSDAQ,134131486830,25.622086400791144
00325112,053610,프로텍,KOSDAQ,053610,프로텍,KOSDAQ,745200000000,27.336918475673844
00113410,000120,CJ대한통운,KOSPI,000120,CJ대한통운,KOSPI,2107860585600,28.376694608557212
00535746,063080,컴투스홀딩스,KOSDAQ,063080,컴투스홀딩스,KOSDAQ,105325216240,25.380318697883204
00155948,033290,로젠,KOSDAQ,033290,로젠,KOSDAQ,106809284502,25.39431069323333
00476498,078340,컴투스,KOSDAQ,078340,컴투스,KOSDAQ,347020683100,26.57265022059244
00428251,069960,현대백화점,KOSPI,069960,현대백화점,KOSPI,2559755054400,28.57093268796722
00132637,014820,동원시스템즈,KOSPI,014820,동원시스템즈,KOSPI,713185537200,27.293007443986088
00815767,123420,위메이드플레이,KOSDAQ,123420,위메이드플레이,KOSDAQ,77348608220,25.071588420526293
00117179,013570,디와이,KOSPI,013570,디와이,KOSPI,125018256750,25.551725617583866
01059605,210540,디와이파워,KOSPI,210540,디와이파워,KOSPI,157123504840,25.78029798807567
00361488,078000,텔코웨어,KOSPI,078000,텔코웨어,KOSPI,140449170400,25.668111483750845
00426086,069260,티케이지휴켐스,KOSPI,069260,TKG휴켐스,KOSPI,821659618800,27.43459205719295
00405320,069080,웹젠,KOSDAQ,069080,웹젠,KOSDAQ,344657979750,26.56581839920894
00911955,226320,잇츠한불,KOSPI,226320,잇츠한불,KOSPI,271265626550,26.326364349542644
00442145,083930,아바코,KOSDAQ,083930,아바코,KOSDAQ,207095983390,26.056448210616175
00102858,010130,고려아연,KOSPI,010130,고려아연,KOSPI,29764853794000,31.024349410511086
01060814,272550,삼양패키징,KOSPI,272550,삼양패키징,KOSPI,155958002100,25.77285259064277
00442048,149950,아바텍,KOSDAQ,149950,아바텍,KOSDAQ,170436256410,25.861627201067954
00130587,027040,서울전자통신,KOSDAQ,027040,서울전자통신,KOSDAQ,33402646560,24.23190097211323
00133511,004060,SG세계물산,KOSPI,004060,SG세계물산,KOSPI,73986322880,25.027146087122215
00486097,089600,KT나스미디어,KOSDAQ,089600,KT나스미디어,KOSDAQ,133612282650,25.618208029826096
00899459,228850,레이언스,KOSDAQ,228850,레이언스,KOSDAQ,109998422820,25.423731864636036
00106368,011780,금호석유화학,KOSPI,011780,금호석유화학,KOSPI,3640264927500,28.923077577208915
00269940,039130,하나투어,KOSPI,039130,하나투어,KOSPI,611852314000,27.139756773343642
00641171,100030,인지소프트,KOSDAQ,100030,인지소프트,KOSDAQ,64295120120,24.88674957293054
01061327,214150,클래시스,KOSDAQ,214150,클래시스,KOSDAQ,3294400779500,28.823245409833557
01169434,900300,오가닉티코스메틱,KOSDAQ,900300,오가닉티코스메틱,KOSDAQ,27861541236,24.050513124514524
00273420,047560,이스트소프트,KOSDAQ,047560,이스트소프트,KOSDAQ,143910111320,25.69245471466721
00145552,005950,이수화학,KOSPI,005950,이수화학,KOSPI,263204631690,26.296197633849122
00216647,030530,원익홀딩스,KOSDAQ,030530,원익홀딩스,KOSDAQ,2178111064200,28.409479132803096
00427483,069620,대웅제약,KOSPI,069620,대웅제약,KOSPI,1645293650000,28.128939994853052
00117726,092780,DYP,KOSPI,092780,DYP,KOSPI,64854665500,24.895414688066353
00612489,214430,아이쓰리시스템,KOSDAQ,214430,아이쓰리시스템,KOSDAQ,629881933000,27.16879823083242
00605328,264660,씨앤지하이테크,KOSDAQ,264660,씨앤지하이테크,KOSDAQ,213865784000,26.088614477640043
01124653,236200,슈프리마,KOSDAQ,236200,슈프리마,KOSDAQ,313146563900,26.46993717316084
00269612,047310,파워로직스,KOSDAQ,047310,파워로직스,KOSDAQ,181040183475,25.921984851721245
00362441,307950,현대오토에버,KOSPI,307950,현대오토에버,KOSPI,17770740336000,30.508574419354446
00260383,006650,대한유화,KOSPI,006650,대한유화,KOSPI,910000000000,27.536710436457305
00109806,004440,삼일씨엔에스,KOSPI,004440,삼일씨엔에스,KOSPI,81484460800,25.123678173983667
00161426,008930,한미사이언스,KOSPI,008930,한미사이언스,KOSPI,2393704250000,28.503863177421184
00828497,128940,한미약품,KOSPI,128940,한미약품,KOSPI,6053193247500,29.431607058232988
00162586,009420,한올바이오파마,KOSPI,009420,한올바이오파마,KOSPI,2421353571300,28.51534782671558
00357935,089470,HDC현대EP,KOSPI,089470,HDC현대EP,KOSPI,153758000000,25.758645774799717
00108913,019680,대교,KOSPI,019680,대교,KOSPI,101558717150,25.343902962253722
00660750,166090,하나머티리얼즈,KOSDAQ,166090,하나머티리얼즈,KOSDAQ,1400259319200,27.967678563397172
00123107,002760,보락,KOSPI,002760,보락,KOSPI,62176200000,24.85323812681151
01029394,230360,에코마케팅,KOSDAQ,230360,에코마케팅,KOSDAQ,495980128000,26.929801698352605
00412348,061970,LB세미콘,KOSDAQ,061970,LB세미콘,KOSDAQ,307839931800,26.45284578288007
00398668,065510,휴비츠,KOSDAQ,065510,휴비츠,KOSDAQ,84535951680,25.160442744494176
00159209,052690,한전기술,KOSPI,052690,한전기술,KOSPI,5614518000000,29.35637685893837
00297989,046120,오르비텍,KOSDAQ,046120,오르비텍,KOSDAQ,330090471750,26.522632610651005
00126089,000300,DH오토넥스,KOSPI,000300,DH오토넥스,KOSPI,174035631000,25.882525891059295
00157399,004710,한솔테크닉스,KOSPI,004710,한솔테크닉스,KOSPI,416910450590,26.75613728889725
00129989,005070,코스모신소재,KOSPI,005070,코스모신소재,KOSPI,1727157692000,28.177498220710362
00138446,013990,아가방컴퍼니,KOSDAQ,013990,아가방컴퍼니,KOSDAQ,162464427840,25.813724909152874
00242712,037950,엘컴텍,KOSDAQ,037950,엘컴텍,KOSDAQ,51681879180,24.668373057601787
00164812,011760,현대코퍼레이션,KOSPI,011760,현대코퍼레이션,KOSPI,369749599700,26.63609185591334
00161116,014790,HL D&I,KOSPI,014790,HL D&I,KOSPI,111493579945,25.437232847220244
00977641,149980,하이로닉,KOSDAQ,149980,하이로닉,KOSDAQ,120383981840,25.513952319774354
01136348,242040,나무기술,KOSDAQ,242040,나무기술,KOSDAQ,167667349080,25.8452477884294
00158963,033270,유나이티드,KOSPI,033270,유나이티드제약,KOSPI,314078698500,26.472909423617274
00120182,005940,NH투자증권,KOSPI,005940,NH투자증권,KOSPI,11599009210950,30.081940797543844
00177870,096350,대창솔루션,KOSDAQ,096350,대창솔루션,KOSDAQ,90294166900,25.226338698383657
00149646,024110,기업은행,KOSPI,024110,기업은행,KOSPI,16666200662100,30.44440387202369
00112378,000040,KR모터스,KOSPI,000040,KR모터스,KOSPI,32649819552,24.209105165915446
00441304,078890,가온그룹,KOSDAQ,078890,가온그룹,KOSDAQ,149242038300,25.728835243072623
00425351,067280,멀티캠퍼스,KOSDAQ,067280,멀티캠퍼스,KOSDAQ,159134016150,25.793012553020077
00137997,001500,현대차증권,KOSPI,001500,현대차증권,KOSPI,677071831800,27.24104320733207
01350869,316140,우리금융지주,KOSPI,316140,우리금융지주,KOSPI,22939885000000,30.763898214539612
01237540,272290,이녹스첨단소재,KOSDAQ,272290,이녹스첨단소재,KOSDAQ,610087775400,27.136868677860367
00623661,104830,원익머트리얼즈,KOSDAQ,104830,원익머트리얼즈,KOSDAQ,585641600000,27.095973835321782
00111689,009320,아진전자부품,KOSPI,009320,아진전자부품,KOSPI,51518259650,24.665202138086546
00245472,064760,티씨케이,KOSDAQ,064760,티씨케이,KOSDAQ,3409721880000,28.857651843780463
00155212,022100,포스코DX,KOSPI,022100,포스코DX,KOSPI,5123570367300,29.264872649316523
00128111,009520,포스코엠텍,KOSDAQ,009520,포스코엠텍,KOSDAQ,753732924300,27.348303930402835
00121932,002840,미원상사,KOSPI,002840,미원상사,KOSPI,646000000000,27.19406534072901
01160363,247540,에코프로비엠,KOSDAQ,247540,에코프로비엠,KOSDAQ,18636697677000,30.55615374623966
00115931,039840,디오,KOSDAQ,039840,디오,KOSDAQ,213311665200,26.086020150098502
00535375,139670,키네마스터,KOSDAQ,139670,키네마스터,KOSDAQ,25682115390,23.96906068737554
00123143,003850,보령,KOSPI,003850,보령,KOSPI,832135907900,27.44726161526867
00114552,002150,도화엔지니어링,KOSPI,002150,도화엔지니어링,KOSPI,209064000000,26.06590626213111
00535676,089030,테크윙,KOSDAQ,089030,테크윙,KOSDAQ,1867503708000,28.255623739493583
01234297,268280,미원에스씨,KOSPI,268280,미원에스씨,KOSPI,548000000000,27.029541123894425
00670340,112610,씨에스윈드,KOSPI,112610,씨에스윈드,KOSPI,2226650078400,28.431519364960884
00365758,052860,아이앤씨,KOSDAQ,052860,아이앤씨,KOSDAQ,117894836400,25.493058847092986
00855163,134380,미원화학,KOSPI,134380,미원화학,KOSPI,272709232000,26.33167198027699
00115065,023450,동남합성,KOSPI,023450,동남합성,KOSPI,106575000000,25.392114799597685
00411048,101490,에스앤에스텍,KOSDAQ,101490,에스앤에스텍,KOSDAQ,1664120562000,28.140317908827964
00117267,082640,동양생명,KOSPI,082640,동양생명,KOSPI,1247301862050,27.852003823941548
00110893,003540,대신증권,KOSPI,003540,대신증권,KOSPI,1668549965700,28.142976081168324
00126256,032830,삼성생명,KOSPI,032830,삼성생명,KOSPI,62000000000000,31.75815550097364
00104856,016360,삼성증권,KOSPI,016360,삼성증권,KOSPI,11001760000000,30.029076375928284
00362201,100700,세운메디칼,KOSDAQ,100700,세운메디칼,KOSDAQ,111909000000,25.440951877984478
00353610,053350,이니텍,KOSDAQ,053350,이니텍,KOSDAQ,62209508625,24.85377369679241
01203808,265520,AP시스템,KOSDAQ,265520,AP시스템,KOSDAQ,393578969150,26.698547568659365
00111722,006800,미래에셋증권,KOSPI,006800,미래에셋증권,KOSPI,39113724912000,31.297494542093755
01009789,192820,코스맥스,KOSPI,192820,코스맥스,KOSPI,2107603821300,28.376572788384852
00219574,044820,코스맥스비티아이,KOSPI,044820,코스맥스비티아이,KOSPI,197360576550,26.008298230474555
01011438,239610,에이치엘사이언스,KOSDAQ,239610,에이치엘사이언스,KOSDAQ,42597708500,24.475066297695133
00153375,023160,태광,KOSDAQ,023160,태광,KOSDAQ,898886659500,27.52442278949896
00164502,170030,현대공업,KOSDAQ,170030,현대공업,KOSDAQ,92193400000,25.247154381432637
00243979,084180,수성웹툰,KOSDAQ,084180,수성웹툰,KOSDAQ,20116676979,23.724815008448058
00249247,037270,YG PLUS,KOSPI,037270,YG PLUS,KOSPI,285847363900,26.378723812644303
00135917,000370,한화손해보험,KOSPI,000370,한화손해보험,KOSPI,762305114950,27.359612725809246
00965813,201490,미투온,KOSDAQ,201490,미투온,KOSDAQ,92566420400,25.2511922821626
00104999,008600,윌비스,KOSPI,008600,윌비스,KOSPI,17615839860,23.59206432628596
00656289,222040,코스맥스엔비티,KOSDAQ,222040,코스맥스엔비티,KOSDAQ,160898400000,25.80403894683067
00140779,014440,영보화학,KOSPI,014440,영보화학,KOSPI,94400000000,25.270806910097868
00129387,000390,SP삼화,KOSPI,000390,SP삼화,KOSPI,212187058200,26.080734072576494
00888347,145020,휴젤,KOSDAQ,145020,휴젤,KOSDAQ,3475889322500,28.876871482347216
00113191,003690,코리안리,KOSPI,003690,코리안리,KOSPI,2320347137030,28.472737918443784
00136271,011930,신성이엔지,KOSPI,011930,신성이엔지,KOSPI,822363359250,27.43544817721363
00287788,040420,정상제이엘에스,KOSDAQ,040420,정상제이엘에스,KOSDAQ,91713679200,25.24193737847508
00123541,000890,보해양조,KOSPI,000890,보해양조,KOSPI,58286694438,24.788639678492103
00799539,122310,제노레이,KOSDAQ,122310,제노레이,KOSDAQ,72041527800,25.000508564691696
00256043,200780,비씨월드제약,KOSDAQ,200780,비씨월드제약,KOSDAQ,43355911965,24.492708908383044
00632845,104620,노랑풍선,KOSDAQ,104620,노랑풍선,KOSDAQ,73125901200,25.015448466525054
00327396,082210,옵트론텍,KOSDAQ,082210,옵트론텍,KOSDAQ,61605387460,24.844015162427823
00340272,050760,에스폴리텍,KOSDAQ,050760,에스폴리텍,KOSDAQ,20107988618,23.724383016733213
00408266,203450,유니온바이오메트릭스,KOSDAQ,203450,유니온바이오메트릭스,KOSDAQ,42237021000,24.46656294828919
00141149,003520,영진약품,KOSPI,003520,영진약품,KOSPI,284215303974,26.372997900469933
00405278,046440,KG파이낸셜,KOSDAQ,046440,KG파이낸셜,KOSDAQ,175799959250,25.892612590399963
00132318,014620,성광벤드,KOSDAQ,014620,성광벤드,KOSDAQ,914901189800,27.542081907101053
00168331,005320,온타이드,KOSPI,005320,온타이드,KOSPI,40204905720,24.417254857961808
00296290,039490,키움증권,KOSPI,039490,키움증권,KOSPI,10386413136000,29.971519638722455
00883980,143160,아이디스,KOSDAQ,143160,아이디스,KOSDAQ,187001005500,25.95437983079189
00359580,054800,아이디스홀딩스,KOSDAQ,054800,아이디스홀딩스,KOSDAQ,162563246760,25.814332973824083
00478900,093190,빅솔론,KOSDAQ,093190,빅솔론,KOSDAQ,156219908600,25.774530522056057
00117708,012700,리드코프,KOSDAQ,012700,리드코프,KOSDAQ,89717368100,25.21993021157163
00203023,025320,시노펙스,KOSDAQ,025320,시노펙스,KOSDAQ,472752600390,26.8818380450304
00838962,131370,알서포트,KOSDAQ,131370,알서포트,KOSDAQ,115855905525,25.475613062140603
00942131,238090,앤디포스,KOSDAQ,238090,앤디포스,KOSDAQ,104429757000,25.37178050051761
00390365,051360,토비스,KOSDAQ,051360,토비스,KOSDAQ,281499697410,26.36339720960551
00305297,052330,코텍,KOSDAQ,052330,코텍,KOSDAQ,214915226900,26.093509493831586
00165060,013030,하이록코리아,KOSDAQ,013030,하이록코리아,KOSDAQ,453661951200,26.84061815675378
00201131,032080,아즈텍WB,KOSDAQ,032080,아즈텍WB,KOSDAQ,26906768308,24.01564370186855
00490090,099750,이지케어텍,KOSDAQ,099750,이지케어텍,KOSDAQ,105448815560,25.381491511565343
00340096,100790,미래에셋벤처투자,KOSDAQ,100790,미래에셋벤처투자,KOSDAQ,2916542406600,28.70141992327098
00264255,043150,바텍,KOSDAQ,043150,바텍,KOSDAQ,317138365600,26.48260400013461
00117601,003470,유안타증권,KOSPI,003470,유안타증권,KOSPI,1267438257600,27.86801885927262
01276327,299900,위지윅스튜디오,KOSDAQ,299900,위지윅스튜디오,KOSDAQ,61748647124,24.846337903291417
00591441,102120,어보브반도체,KOSDAQ,102120,어보브반도체,KOSDAQ,227415830870,26.150046032682276
00533003,105740,디케이락,KOSDAQ,105740,디케이락,KOSDAQ,91516617000,25.23978639929679
01065013,215380,우정바이오,KOSDAQ,215380,우정바이오,KOSDAQ,46113038240,24.554361572124208
00225159,036530,SNT홀딩스,KOSPI,036530,SNT홀딩스,KOSPI,865736346600,27.486846249501063
00134477,003570,SNT다이내믹스,KOSPI,003570,SNT다이내믹스,KOSPI,1566202028700,28.079674714563136
00398792,064960,SNT모티브,KOSPI,064960,SNT모티브,KOSPI,879810016800,27.50297183111106
00648721,100840,SNT에너지,KOSPI,100840,SNT에너지,KOSPI,953384096300,27.583283698541717
00118026,006040,동원산업,KOSPI,006040,동원산업,KOSPI,1682038266600,28.151027427874496
00551920,092730,네오팜,KOSDAQ,092730,네오팜,KOSDAQ,299402834520,26.425055776221793
00415327,072020,중앙백신,KOSDAQ,072020,중앙백신,KOSDAQ,94586870000,25.272784508445334
00423177,054450,텔레칩스,KOSDAQ,054450,텔레칩스,KOSDAQ,256997634010,26.27233271561248
00260958,036030,케이티알파,KOSDAQ,036030,케이티알파,KOSDAQ,242890547265,26.215876756038373
00453929,078160,메디포스트,KOSDAQ,078160,메디포스트,KOSDAQ,709995360330,27.28852427221394
00447609,090460,비에이치,KOSPI,090460,비에이치,KOSPI,1117537484700,27.742148706227272
00106669,001430,세아베스틸지주,KOSPI,001430,세아베스틸지주,KOSPI,2513934541900,28.552870188327233
00166500,010660,화천기계,KOSPI,010660,화천기계,KOSPI,95260000000,25.279875832319124
00878915,139130,iM금융지주,KOSPI,139130,iM금융지주,KOSPI,2915336181450,28.701006257194436
00264635,038680,에스넷,KOSDAQ,038680,에스넷,KOSDAQ,83931786030,25.153270234809966
00293886,044340,위닉스,KOSDAQ,044340,위닉스,KOSDAQ,89277757875,25.215018221856806
00366137,151860,KG에코솔루션,KOSDAQ,151860,KG에코솔루션,KOSDAQ,307991422940,26.45333777193483
00838500,900140,엘브이엠씨,KOSPI,900140,엘브이엠씨홀딩스,KOSPI,320585876688,26.49341602340042
01064069,215480,토박스코리아,KOSDAQ,215480,토박스코리아,KOSDAQ,20137500000,23.725849585449502
01128622,239340,이스트에이드,KOSDAQ,239340,이스트에이드,KOSDAQ,33778501768,24.243090394707764
00145109,000100,유한양행,KOSPI,000100,유한양행,KOSPI,6849693686000,29.555225049830568
00163512,002320,한진,KOSPI,002320,한진,KOSPI,281973252720,26.365078054875482
00807397,121850,코이즈,KOSDAQ,121850,코이즈,KOSDAQ,11226537780,23.14154625718273
00266934,043200,파루,KOSDAQ,043200,파루,KOSDAQ,36578775625,24.322734008189855
00562360,097780,에코볼트,KOSDAQ,097780,에코볼트,KOSDAQ,33686528072,24.24036383390443
00361008,082740,한화엔진,KOSPI,082740,한화엔진,KOSPI,5974815367200,29.41857431238165
00147082,049630,재영솔루텍,KOSDAQ,049630,재영솔루텍,KOSDAQ,287567997600,26.38472518261024
00125150,005090,SGC에너지,KOSPI,005090,SGC에너지,KOSPI,749285316000,27.342385677167492
00962223,263860,지니언스,KOSDAQ,263860,지니언스,KOSDAQ,135558428000,25.63266858727692
00317487,043220,티에스넥스젠,KOSDAQ,043220,티에스넥스젠,KOSDAQ,27227331360,24.027487135156985
00449379,067990,도이치모터스,KOSDAQ,067990,도이치모터스,KOSDAQ,148242274000,25.722113758795064
00508274,081000,일진다이아,KOSPI,081000,일진다이아,KOSPI,179951693250,25.915954280985392
00349732,052400,코나아이,KOSDAQ,052400,코나아이,KOSDAQ,1019430370000,27.65026512644311
00564562,097520,엠씨넥스,KOSPI,097520,엠씨넥스,KOSPI,408935250000,26.736822667497957
00975290,241840,에이스토리,KOSDAQ,241840,에이스토리,KOSDAQ,41880573660,24.458087920562672
00828761,228670,레이,KOSDAQ,228670,레이,KOSDAQ,118394958970,25.49729198222303
00230814,078590,휴림에이텍,KOSDAQ,078590,휴림에이텍,KOSDAQ,52457053425,24.68326064177487
00863038,313760,캐리,KOSDAQ,313760,캐리,KOSDAQ,5244963048,22.380534033583963
00761059,251970,펌텍코리아,KOSDAQ,251970,펌텍코리아,KOSDAQ,481740000000,26.900670386371058
00602279,186230,그린플러스,KOSDAQ,186230,그린플러스,KOSDAQ,45427982080,24.53939409750536
01214248,270870,뉴트리,KOSDAQ,270870,뉴트리,KOSDAQ,38134928480,24.364396457118346
00134565,015020,이스타코,KOSPI,015020,이스타코,KOSPI,19883142400,23.713138094093807
00301246,036540,SFA반도체,KOSDAQ,036540,SFA반도체,KOSDAQ,1416003208830,27.97885937732039
00577380,138070,신진에스엠,KOSDAQ,138070,신진에스엠,KOSDAQ,30140517288,24.12913619283756
00592653,089850,유비벨록스,KOSDAQ,089850,유비벨록스,KOSDAQ,73135438035,25.015578874670684
00579139,222980,한국맥널티,KOSDAQ,222980,한국맥널티,KOSDAQ,24158947770,23.90792065649836
00204262,030520,한글과컴퓨터,KOSDAQ,030520,한글과컴퓨터,KOSDAQ,467636248960,26.87095658483996
00389970,064260,다날,KOSDAQ,064260,다날,KOSDAQ,503798743620,26.945442707054745
00602172,251370,와이엠티,KOSDAQ,251370,와이엠티,KOSDAQ,269891869320,26.321287231729652
00447760,049950,미래컴퍼니,KOSDAQ,049950,미래컴퍼니,KOSDAQ,132180081160,25.607431080999728
00306162,038540,상상인,KOSDAQ,038540,상상인,KOSDAQ,118125948255,25.495017250283652
00528515,092460,한라IMS,KOSDAQ,092460,한라IMS,KOSDAQ,357592312000,26.602659381133233
00540447,086390,유니테스트,KOSDAQ,086390,유니테스트,KOSDAQ,380202926740,26.663970964866955
00274933,031440,신세계푸드,KOSPI,031440,신세계푸드,KOSPI,197496480000,26.00898659834395
00879020,142210,유니트론텍,KOSDAQ,142210,유니트론텍,KOSDAQ,154390438320,25.762750544640195
01008762,194480,데브시스터즈,KOSDAQ,194480,데브시스터즈,KOSDAQ,221963445000,26.125778543098225
00125530,005610,삼립,KOSPI,005610,삼립,KOSPI,403837621200,26.72427870639019
00695969,094170,동운아나텍,KOSDAQ,094170,동운아나텍,KOSDAQ,980675998400,27.611507965098014
00623184,192410,오늘이엔엠,KOSDAQ,192410,오늘이엔엠,KOSDAQ,155149726900,25.767656467607218
00833064,259630,엠플러스,KOSDAQ,259630,엠플러스,KOSDAQ,191334587200,25.9772894978865
01211232,282880,코윈테크,KOSDAQ,282880,코윈테크,KOSDAQ,171903005400,25.870196232602975
00176835,054050,NH농우바이오,KOSDAQ,054050,NH농우바이오,KOSDAQ,123114708480,25.536382346995925
00580056,099440,스맥,KOSDAQ,099440,스맥,KOSDAQ,260348548110,26.28528713985454
00574611,099220,SDN,KOSDAQ,099220,SDN,KOSDAQ,71698562400,24.995736534141773
00530556,122640,예스티,KOSDAQ,122640,예스티,KOSDAQ,548690399700,27.03080018441213
00118044,030720,동원수산,KOSPI,030720,동원수산,KOSPI,29039743200,24.0919311838887
00356839,054180,메디콕스,KOSDAQ,054180,메디콕스,KOSDAQ,12686716395,23.263821329870623
00365934,089890,코세스,KOSDAQ,089890,코세스,KOSDAQ,672520209100,27.23429799867721
00545114,084650,랩지노믹스,KOSDAQ,084650,랩지노믹스,KOSDAQ,98590706720,25.314242841780313
00867849,173130,오파스넷,KOSDAQ,173130,오파스넷,KOSDAQ,97457153310,25.302678665131573
01170962,900290,GRT,KOSDAQ,900290,GRT,KOSDAQ,268304000000,26.315386502951164
01412822,336370,솔루스첨단소재,KOSPI,336370,솔루스첨단소재,KOSPI,780114691840,27.38270678664112
01251489,300120,라온피플,KOSDAQ,300120,라온피플,KOSDAQ,45692206768,24.545193590063935
01243161,277410,인산가,KOSDAQ,277410,인산가,KOSDAQ,39294969615,24.394362348010656
00362858,053280,예스24,KOSDAQ,053280,예스24,KOSDAQ,80500000000,25.111523021370928
00357360,069640,한세엠케이,KOSPI,069640,한세엠케이,KOSPI,36136443863,24.31056771834814
00728638,105630,한세실업,KOSPI,105630,한세실업,KOSPI,426000000000,26.777705183215783
00161976,016450,한세예스24홀딩스,KOSPI,016450,한세예스24홀딩스,KOSPI,175200000000,25.8891940154487
00113492,004540,깨끗한나라,KOSPI,004540,깨끗한나라,KOSPI,69193207594,24.960168538596335
00349060,042520,한스바이오메드,KOSDAQ,042520,한스바이오메드,KOSDAQ,355108038300,26.595687913361296
00986898,318010,팜스빌,KOSDAQ,318010,팜스빌,KOSDAQ,28387030040,24.069198189067116
00220561,037710,광주신세계,KOSPI,037710,광주신세계,KOSPI,289451177400,26.391252475177783
00113535,005880,대한해운,KOSPI,005880,대한해운,KOSPI,803640876600,27.412418335442695
00234412,031430,신세계인터내셔날,KOSPI,031430,신세계인터내셔날,KOSPI,566423340000,27.06260758610403
00497631,081150,티플랙스,KOSDAQ,081150,티플랙스,KOSDAQ,99864474230,25.327079846042196
00579980,084850,아이티엠반도체,KOSDAQ,084850,아이티엠반도체,KOSDAQ,319375710720,26.489634023248282
00336817,047920,HLB제약,KOSDAQ,047920,HLB제약,KOSDAQ,460174964680,26.854872612111784
00150633,013890,지누스,KOSPI,013890,지누스,KOSPI,251269816980,26.24979316676158
00231707,032850,비트컴퓨터,KOSDAQ,032850,비트컴퓨터,KOSDAQ,81121669840,25.119215961390044
01042979,205470,휴마시스,KOSDAQ,205470,휴마시스,KOSDAQ,103241253990,25.360334358081058
00536286,097800,윈팩,KOSDAQ,097800,윈팩,KOSDAQ,65086759233,24.89898697427598
00126487,007700,F&F 홀딩스,KOSPI,007700,F&F홀딩스,KOSPI,735350099600,27.32361254873843
00571298,263600,덕우전자,KOSDAQ,263600,덕우전자,KOSDAQ,91121373200,25.235458226208834
00857480,143240,사람인,KOSDAQ,143240,사람인,KOSDAQ,174621533370,25.885886802472513
01165739,950140,잉글우드랩,KOSDAQ,950140,잉글우드랩,KOSDAQ,219341240640,26.11389453050393
00154718,082920,비츠로셀,KOSDAQ,082920,비츠로셀,KOSDAQ,2402992281000,28.507735860443013
00490179,075130,플랜티넷,KOSDAQ,075130,플랜티넷,KOSDAQ,37815778000,24.355992259889124
01182578,290120,DH오토리드,KOSDAQ,290120,DH오토리드,KOSDAQ,42962836035,24.48360130068037
00149594,023760,한국캐피탈,KOSDAQ,023760,한국캐피탈,KOSDAQ,283101789672,26.369072350739795
01061558,213420,덕산네오룩스,KOSDAQ,213420,덕산네오룩스,KOSDAQ,1167065413000,27.785513519932877
01365825,319660,피에스케이,KOSDAQ,319660,피에스케이,KOSDAQ,2937224799600,28.708486305767536
00116949,007340,DN오토모티브,KOSPI,007340,DN오토모티브,KOSPI,2978203028500,28.722341223991396
00375931,060150,인선이엔티,KOSDAQ,060150,인선이엔티,KOSDAQ,189979536960,25.970182203096286
00165583,017940,E1,KOSPI,017940,E1,KOSPI,703836000000,27.279811211420874
00263371,039340,한국경제TV,KOSDAQ,039340,한국경제TV,KOSDAQ,104720000000,25.374555958548054
00359261,072950,빛샘전자,KOSDAQ,072950,빛샘전자,KOSDAQ,123365985200,25.5384212637427
01222432,306040,에스제이그룹,KOSDAQ,306040,에스제이그룹,KOSDAQ,44692200840,24.523064845490556
00362292,060590,씨티씨바이오,KOSDAQ,060590,씨티씨바이오,KOSDAQ,94185072900,25.268527544188895
01135057,234690,녹십자웰빙,KOSDAQ,234690,녹십자웰빙,KOSDAQ,192027570100,25.980904792936357
00374738,065370,위세아이텍,KOSDAQ,065370,위세아이텍,KOSDAQ,34187707020,24.255131972539893
01412725,336260,두산퓨얼셀,KOSPI,336260,두산퓨얼셀,KOSPI,5534219847000,29.341971723103406
01109715,241520,DSC인베스트먼트,KOSDAQ,241520,DSC인베스트먼트,KOSDAQ,363888000000,26.62011196492847
00339391,272210,한화시스템,KOSPI,272210,한화시스템,KOSPI,19704292272700,30.61185760980263
00508344,210980,SK디앤디,KOSPI,210980,SK디앤디,KOSPI,232158753540,26.1706872570982
00983040,180640,한진칼,KOSPI,180640,한진칼,KOSPI,7958063656800,29.70520682699654
01199550,322000,HD현대에너지솔루션,KOSPI,322000,HD현대에너지솔루션,KOSPI,2204160000000,28.42136759986561
00367844,317400,자이에스앤디,KOSPI,317400,자이에스앤디,KOSPI,163468321800,25.819885058052957
00468374,074600,원익QnC,KOSDAQ,074600,원익QnC,KOSDAQ,931909600000,27.56050165121946
00260745,036120,서울평가정보,KOSDAQ,036120,서울평가정보,KOSDAQ,67935285000,24.941821397800474
00140131,020120,키다리스튜디오,KOSPI,020120,키다리스튜디오,KOSPI,133429557600,25.616839517099052
00138367,023770,플레이위드,KOSDAQ,023770,플레이위드,KOSDAQ,23350351950,23.873877893752862
00445841,086960,MDS테크,KOSDAQ,086960,MDS테크,KOSDAQ,131240912760,25.60030049990693
00252135,036930,주성엔지니어링,KOSDAQ,036930,주성엔지니어링,KOSDAQ,6516653164200,29.505382041699896
00113207,001440,대한전선,KOSPI,001440,대한전선,KOSPI,11186838000000,30.045759024594364
00397252,067000,조이시티,KOSDAQ,067000,조이시티,KOSDAQ,118556244416,25.4986533213393
00585538,095910,에스에너지,KOSDAQ,095910,에스에너지,KOSDAQ,77950539810,25.0793403575064
01257872,288620,에스프리즘,KOSDAQ,288620,에스프리즘,KOSDAQ,68048331000,24.943484039659356
00966168,263690,디알젬,KOSDAQ,263690,디알젬,KOSDAQ,62743879400,24.862326870758793
00694942,115610,이미지스,KOSDAQ,115610,이미지스,KOSDAQ,27005887165,24.019320722330935
00220686,058610,에스피지,KOSDAQ,058610,에스피지,KOSDAQ,2807653776000,28.663370295344848
00198192,037230,한국팩키지,KOSDAQ,037230,한국팩키지,KOSDAQ,63325694875,24.87155700592831
00102618,012200,계양전기,KOSPI,012200,계양전기,KOSPI,245277689290,26.22565683132267
01179617,256840,한국비엔씨,KOSDAQ,256840,한국비엔씨,KOSDAQ,229464842530,26.15901566312157
00526951,095190,신화프리텍,KOSDAQ,095190,신화프리텍,KOSDAQ,168371991960,25.849441606394862
00625942,114810,한솔아이원스,KOSDAQ,114810,한솔아이원스,KOSDAQ,431756927400,26.79112859877789
01275665,302550,리메드,KOSDAQ,302550,리메드,KOSDAQ,86540020000,25.183872802850125
01109539,232140,와이씨,KOSDAQ,232140,와이씨,KOSDAQ,1509634440000,28.04288864473098
01187148,263700,케어랩스,KOSDAQ,263700,케어랩스,KOSDAQ,44652660000,24.522179716962516
00113562,000400,롯데손해보험,KOSPI,000400,롯데손해보험,KOSPI,642396182400,27.188471056846485
00149947,001060,JW중외제약,KOSPI,001060,JW중외제약,KOSPI,698577900000,27.272312534120786
00225706,234080,JW생명과학,KOSPI,234080,JW생명과학,KOSPI,190489684620,25.97286388107068
00632304,096760,JW홀딩스,KOSPI,096760,JW홀딩스,KOSPI,295699768000,26.41261047922557
00110431,067290,JW신약,KOSDAQ,067290,JW신약,KOSDAQ,94254407246,25.269263423412028
01109955,219420,링크제니시스,KOSDAQ,219420,링크제니시스,KOSDAQ,57691620210,24.77837776958423
00659161,160980,싸이맥스,KOSDAQ,160980,싸이맥스,KOSDAQ,400373505950,26.715663713242172
00488402,092190,서울바이오시스,KOSDAQ,092190,서울바이오시스,KOSDAQ,706831782030,27.284058542467594
00117230,002900,TYM,KOSPI,002900,TYM,KOSPI,347346000000,26.573587238256795
00897752,278280,천보,KOSDAQ,278280,천보,KOSDAQ,629741156000,27.168574708412397
01170865,253590,네오셈,KOSDAQ,253590,네오셈,KOSDAQ,647070169000,27.195720578426076
00549891,214370,케어젠,KOSDAQ,214370,케어젠,KOSDAQ,5247955500000,29.288859688113654
00133706,027970,한국제지,KOSPI,027970,한국제지,KOSPI,136928330640,25.642723491877597
00270113,058110,멕아이씨에스,KOSDAQ,058110,멕아이씨에스,KOSDAQ,41731378000,24.454519152811518
00398808,068930,디지털대성,KOSDAQ,068930,디지털대성,KOSDAQ,234410146740,26.180338181852296
00671978,204020,그리티,KOSDAQ,204020,그리티,KOSDAQ,42889084560,24.48188319134441
00161383,042700,한미반도체,KOSPI,042700,한미반도체,KOSPI,35170201800000,31.191220300242733
00113359,030610,교보증권,KOSPI,030610,교보증권,KOSPI,1532801825450,28.0581184350874
01139035,277880,티에스아이,KOSDAQ,277880,티에스아이,KOSDAQ,99414492120,25.322563735957594
00878696,326030,에스케이바이오팜,KOSPI,326030,SK바이오팜,KOSPI,7565059950000,29.654561387790476
01214743,298540,더네이쳐홀딩스,KOSDAQ,298540,더네이쳐홀딩스,KOSDAQ,108068439560,25.406030562997437
00105138,033540,파라텍,KOSDAQ,033540,파라텍,KOSDAQ,47073944231,24.574985483856292
00164645,011200,HMM,KOSPI,011200,HMM,KOSPI,18761003223300,30.562801534798545
01062177,225220,제놀루션,KOSDAQ,225220,제놀루션,KOSDAQ,34426897674,24.262104004921984
01063954,253840,수젠텍,KOSDAQ,253840,수젠텍,KOSDAQ,111174848000,25.434370006128386
00755739,106240,파인테크닉스,KOSDAQ,106240,파인테크닉스,KOSDAQ,50653344305,24.648271093200755
00445160,079810,APS이노베이션,KOSDAQ,079810,APS이노베이션,KOSDAQ,115605864780,25.473452525288796
00118275,003160,디아이,KOSPI,003160,디아이,KOSPI,819285000000,27.431697845614607
00410997,069140,누리플랜,KOSDAQ,069140,누리플랜,KOSDAQ,25904399664,23.977678662422335
01189438,278650,HLB바이오스텝,KOSDAQ,278650,HLB바이오스텝,KOSDAQ,110870043648,25.431624574416894
00867098,117730,티로보틱스,KOSDAQ,117730,티로보틱스,KOSDAQ,453416664300,26.84007732842471
01236286,900310,컬러레이,KOSDAQ,900310,컬러레이,KOSDAQ,33301671000,24.228873412854007
00926522,191420,테고사이언스,KOSDAQ,191420,테고사이언스,KOSDAQ,92197442580,25.247198229380228
00619640,101360,에코앤드림,KOSDAQ,101360,에코앤드림,KOSDAQ,274261877880,26.337349245574092
01137903,290550,디케이티,KOSDAQ,290550,디케이티,KOSDAQ,567034870500,27.063686638783114
00109286,000490,대동,KOSPI,000490,대동,KOSPI,292592679750,26.4020473072769
01042085,205100,엑셈,KOSDAQ,205100,엑셈,KOSDAQ,128437230591,25.578706144046443
00373447,038070,서린바이오,KOSDAQ,038070,서린바이오,KOSDAQ,55153008680,24.733377135645643
00415646,192650,드림텍,KOSPI,192650,드림텍,KOSPI,435916937680,26.80071755223787
01049167,214610,롤링스톤,KOSDAQ,214610,롤링스톤,KOSDAQ,19197807380,23.678061910500617
01153105,318410,비비씨,KOSDAQ,318410,비비씨,KOSDAQ,40053302030,24.413476954752543
01204056,352820,하이브,KOSPI,352820,하이브,KOSPI,10516948756000,29.984009238962415
00540429,090710,휴림로봇,KOSDAQ,090710,휴림로봇,KOSDAQ,1567278424640,28.080361743570254
00232089,032980,바이온,KOSDAQ,032980,바이온,KOSDAQ,18354952980,23.633165292192118
01416235,950190,고스트스튜디오,KOSDAQ,950190,고스트스튜디오,KOSDAQ,99320160170,25.321614410251208
01050738,304100,솔트룩스,KOSDAQ,304100,솔트룩스,KOSDAQ,239912937750,26.203541935100304
00326731,064550,바이오니아,KOSDAQ,064550,바이오니아,KOSDAQ,236680368470,26.189976411581476
00157991,004090,한국석유공업,KOSPI,004090,한국석유,KOSPI,183049210400,25.933020862927826
01391103,337930,젝시믹스,KOSDAQ,337930,젝시믹스,KOSDAQ,116035017250,25.477157855343165
01137383,293490,카카오게임즈,KOSDAQ,293490,카카오게임즈,KOSDAQ,993043235660,27.62404004048683
00122737,028670,팬오션,KOSPI,028670,팬오션,KOSPI,3223454157360,28.80147462020927
00918222,156100,엘앤케이바이오,KOSDAQ,156100,엘앤케이바이오,KOSDAQ,133212871880,25.615214226119505
01428203,344820,케이씨씨글라스,KOSPI,344820,KCC글라스,KOSPI,423218568000,26.771154591764304
00356802,060280,큐렉소,KOSDAQ,060280,큐렉소,KOSDAQ,557007165000,27.04584394034572
01524093,375500,DL이앤씨,KOSPI,375500,DL이앤씨,KOSPI,3107097926900,28.76471026399533
00525934,108320,LX세미콘,KOSPI,108320,LX세미콘,KOSPI,975858000000,27.606582920971267
00813389,177350,베셀,KOSDAQ,177350,베셀,KOSDAQ,16017820105,23.49696769598199
00364740,100590,머큐리,KOSDAQ,100590,머큐리,KOSDAQ,126832633000,25.5661342038828
00962393,318020,포인트모바일,KOSDAQ,318020,포인트모바일,KOSDAQ,37887917760,24.35789810559749
00531014,084370,유진테크,KOSDAQ,084370,유진테크,KOSDAQ,2690343330800,28.62068993366565
00989619,196170,알테오젠,KOSDAQ,196170,알테오젠,KOSDAQ,19753988067000,30.614376514334115
00352499,042500,링네트,KOSDAQ,042500,링네트,KOSDAQ,113016100080,25.450796124093714
00114808,086450,동국제약,KOSDAQ,086450,동국제약,KOSDAQ,1024469013000,27.6551955581943
00598198,307930,컴퍼니케이,KOSDAQ,307930,컴퍼니케이,KOSDAQ,132997200000,25.613593912314975
00788773,096530,씨젠,KOSDAQ,096530,씨젠,KOSDAQ,1621617113700,28.11444498561756
01159233,248070,솔루엠,KOSPI,248070,솔루엠,KOSPI,1030439885800,27.661006900592355
00867973,294630,서남,KOSDAQ,294630,서남,KOSDAQ,102960475695,25.357611020415916
00877174,169330,엠브레인,KOSDAQ,169330,엠브레인,KOSDAQ,38373943210,24.37064450397295
00453284,339770,교촌에프앤비,KOSPI,339770,교촌에프앤비,KOSPI,211102463000,26.075609459188804
00541437,104540,코렌텍,KOSDAQ,104540,코렌텍,KOSDAQ,63864771300,24.880033736443586
00111421,005870,휴니드테크놀러지스,KOSPI,005870,휴니드,KOSPI,104317350850,25.370703540342955
00299002,060980,HL홀딩스,KOSPI,060980,HL홀딩스,KOSPI,426705809000,26.77936064082787
00210856,071950,코아스,KOSPI,071950,코아스,KOSPI,18701251695,23.651856294128365
00120571,005300,롯데칠성음료,KOSPI,005300,롯데칠성,KOSPI,1097691977200,27.724230888876523
00875237,352700,씨앤투스,KOSDAQ,352700,씨앤투스,KOSDAQ,49164078029,24.618429072414475
01489648,357780,솔브레인,KOSDAQ,357780,솔브레인,KOSDAQ,3189212060000,28.790794999080205
01258507,280360,롯데웰푸드,KOSPI,280360,롯데웰푸드,KOSPI,1117435283600,27.742057249989845
01036367,203690,아크솔루션스,KOSDAQ,203690,아크솔루션스,KOSDAQ,89196141000,25.214103613264694
00531865,241690,유니테크노,KOSDAQ,241690,유니테크노,KOSDAQ,89318076900,25.21546973323428
00608440,340570,티앤엘,KOSDAQ,340570,티앤엘,KOSDAQ,502310400000,26.942484092246183
00163345,012030,DB,KOSPI,012030,DB,KOSPI,427494607625,26.78120751150098
00331016,064850,에프앤가이드,KOSDAQ,064850,에프앤가이드,KOSDAQ,314354646600,26.473787633279088
00956028,950130,엑세스바이오,KOSDAQ,950130,엑세스바이오,KOSDAQ,119415166430,25.505872051865097
00160302,005420,코스모화학,KOSPI,005420,코스모화학,KOSPI,575739337720,27.078920856535216
01112889,239890,피엔에이치테크,KOSDAQ,239890,피엔에이치테크,KOSDAQ,57329306350,24.77207778454355
00454937,090410,덕신이피씨,KOSDAQ,090410,덕신이피씨,KOSDAQ,54517484385,24.721787301569343
00562245,124560,태웅로직스,KOSDAQ,124560,태웅로직스,KOSDAQ,87702636915,25.19721780331837
00138598,036010,아비코전자,KOSDAQ,036010,아비코전자,KOSDAQ,120035194020,25.511050820229258
00455875,079000,와토스코리아,KOSDAQ,079000,와토스코리아,KOSDAQ,44928000000,24.52832704534976
01386916,361610,SK아이이테크놀로지,KOSPI,361610,SK아이이테크놀로지,KOSPI,1750243940000,28.190776288435206
01187494,261200,덴티스,KOSDAQ,261200,덴티스,KOSDAQ,58812084000,24.797613180940743
00506294,079940,가비아,KOSDAQ,079940,가비아,KOSDAQ,430803956400,26.788918966030483
00656951,090850,현대이지웰,KOSDAQ,090850,현대이지웰,KOSDAQ,133217085210,25.61524585416949
00857727,136480,하림,KOSDAQ,136480,하림,KOSDAQ,328719027690,26.518469203650312
00111810,003090,대웅,KOSPI,003090,대웅,KOSPI,1226795778000,27.835426827706833
01046708,206640,바디텍메드,KOSDAQ,206640,바디텍메드,KOSDAQ,243835160730,26.21975826316016
00545929,095700,제넥신,KOSDAQ,095700,제넥신,KOSDAQ,216772751440,26.102115413373
00125743,004560,현대비앤지스틸,KOSPI,004560,현대비앤지스틸,KOSPI,250157474490,26.245356454466208
01319899,302440,SK바이오사이언스,KOSPI,302440,SK바이오사이언스,KOSPI,3240255638900,28.806673343515335
00861997,175140,휴먼테크놀로지,KOSDAQ,175140,휴먼테크놀로지,KOSDAQ,93166784955,25.257657110514867
01368354,330860,네패스아크,KOSDAQ,330860,네패스아크,KOSDAQ,554983249750,27.042203769606772
00323868,053580,웹케시,KOSDAQ,053580,웹케시,KOSDAQ,105708197760,25.38394828367426
00148610,003530,한화투자증권,KOSPI,003530,한화투자증권,KOSPI,1482525125250,28.024767915566752
00870861,155650,와이엠씨,KOSDAQ,155650,와이엠씨,KOSDAQ,82348713720,25.13422867377594
00166175,021040,대호특수강,KOSDAQ,021040,대호특수강,KOSDAQ,26045728800,23.98311963009033
00148531,023440,제이스코홀딩스,KOSDAQ,023440,제이스코홀딩스,KOSDAQ,46964378481,24.572655246641958
01441611,376980,원티드랩,KOSDAQ,376980,원티드랩,KOSDAQ,32619755960,24.208183952811478
00631837,065660,안트로젠,KOSDAQ,065660,안트로젠,KOSDAQ,330201300000,26.522968305432563
00760971,259960,크래프톤,KOSPI,259960,크래프톤,KOSPI,13226920164000,30.213275275118452
00261957,039740,한국정보공학,KOSDAQ,039740,한국정보공학,KOSDAQ,35962510545,24.30574285904614
00141477,012160,영흥,KOSPI,012160,영흥,KOSPI,42651666612,24.476332186603635
01213586,332370,아이디피,KOSDAQ,332370,아이디피,KOSDAQ,70881696840,24.984278082572942
00858124,140670,알에스오토메이션,KOSDAQ,140670,알에스오토메이션,KOSDAQ,207363416000,26.057738723740062
01566248,383310,에코프로에이치엔,KOSDAQ,383310,에코프로에이치엔,KOSDAQ,565274417400,27.060577144694722
00763701,234340,헥토파이낸셜,KOSDAQ,234340,헥토파이낸셜,KOSDAQ,433090336000,26.794212171364588
01199727,252990,샘씨엔에스,KOSDAQ,252990,샘씨엔에스,KOSDAQ,705753659080,27.282532088735362
00432102,071050,한국금융지주,KOSPI,071050,한국금융지주,KOSPI,14377305936000,30.296672102686312
01390344,329180,HD현대중공업,KOSPI,329180,HD현대중공업,KOSPI,67175184000000,31.838325009540604
01231786,317770,엑스페릭스,KOSDAQ,317770,엑스페릭스,KOSDAQ,119858300325,25.509576051373653
00526696,095270,웨이브일렉트로,KOSDAQ,095270,웨이브일렉트로,KOSDAQ,91983398400,25.244873945538085
01226410,352480,씨앤씨인터내셔널,KOSDAQ,352480,씨앤씨인터내셔널,KOSDAQ,315532208150,26.477526599771135
00173351,032750,삼진,KOSDAQ,032750,삼진,KOSDAQ,30209103090,24.13140914272849
01244601,377300,카카오페이,KOSPI,377300,카카오페이,KOSPI,6911595652500,29.56422164637019
00115676,016380,KG스틸,KOSPI,016380,KG스틸,KOSPI,749066638530,27.342093786506034
01012066,195940,HK이노엔,KOSDAQ,195940,HK이노엔,KOSDAQ,1386748164450,27.957982672246484
00118804,005290,동진쎄미켐,KOSDAQ,005290,동진쎄미켐,KOSDAQ,2696319665400,28.622908872201936
00763473,241710,코스메카코리아,KOSDAQ,241710,코스메카코리아,KOSDAQ,911004000000,27.537813124976093
01568413,383220,F&F,KOSPI,383220,F&F,KOSPI,3225455715000,28.80209536317014
01323032,381970,케이카,KOSPI,381970,케이카,KOSPI,500413692000,26.938700977275143
00545716,089860,롯데렌탈,KOSPI,089860,롯데렌탈,KOSPI,1160084946600,27.779514348193235
01255652,281740,레이크머티리얼즈,KOSDAQ,281740,레이크머티리얼즈,KOSDAQ,1285032213400,27.881804902755288
01133217,323410,카카오뱅크,KOSPI,323410,카카오뱅크,KOSPI,10711353810650,30.00232539862277
01113754,241790,티이엠씨씨엔에스,KOSDAQ,241790,티이엠씨씨엔에스,KOSDAQ,79420913960,25.09802757051581
00269852,041020,폴라리스오피스,KOSDAQ,041020,폴라리스오피스,KOSDAQ,199728847860,26.020226522919394
00185046,048550,SM C&C,KOSDAQ,048550,SM C&C,KOSDAQ,97391622340,25.30200603095923
00260930,041510,에스엠,KOSDAQ,041510,에스엠,KOSDAQ,2099443073000,28.37269322215197
01210066,377450,리파인,KOSDAQ,377450,리파인,KOSDAQ,192882900000,25.98534910596138
01065679,215790,이노인스트루먼트,KOSDAQ,215790,이노인스트루먼트,KOSDAQ,83587534175,25.149160233179423
00295857,046070,코다코,KOSDAQ,046070,코다코,KOSDAQ,159196994920,25.793408234047885
00160047,000240,한국앤컴퍼니,KOSPI,000240,한국앤컴퍼니,KOSPI,2416101858000,28.51317655488063
00462121,073490,LIG아큐버,KOSDAQ,073490,LIG아큐버,KOSDAQ,349776916000,26.58056140535792
00365387,095570,AJ네트웍스,KOSPI,095570,AJ네트웍스,KOSPI,210651593145,26.073471388338326
00231044,032820,우리기술,KOSDAQ,032820,우리기술,KOSDAQ,2930879310660,28.706323599962023
00364467,060570,드림어스컴퍼니,KOSDAQ,060570,드림어스컴퍼니,KOSDAQ,63727352780,24.877879707358733
01074862,215200,메가스터디교육,KOSDAQ,215200,메가스터디교육,KOSDAQ,460733851200,26.856086383940173
01562589,383800,LX홀딩스,KOSPI,383800,LX홀딩스,KOSPI,698731120400,27.272531841945153
00153861,009410,태영건설,KOSPI,009410,태영건설,KOSPI,530007928918,26.996157803603317
00126955,003230,삼양식품,KOSPI,003230,삼양식품,KOSPI,10877673660000,30.017733516479307
00398701,066970,엘앤에프,KOSPI,066970,엘앤에프,KOSPI,6480969017400,29.499891154835005
01515323,373220,LG에너지솔루션,KOSPI,373220,LG에너지솔루션,KOSPI,97578000000000,32.21167317410291
00146454,007570,일양약품,KOSPI,007570,일양약품,KOSPI,188566360320,25.96271582601941
01068737,357230,에이치피오,KOSDAQ,357230,에이치피오,KOSDAQ,117273471840,25.48777441050686
00219361,034810,해성산업,KOSDAQ,034810,해성산업,KOSDAQ,238316193240,26.196864171910672
00195229,081660,미스토홀딩스,KOSPI,081660,미스토홀딩스,KOSPI,2081200128000,28.363965827865538
00605522,290690,소룩스,KOSDAQ,290690,소룩스,KOSDAQ,274808449080,26.339340143110157
00438036,084730,팅크웨어,KOSDAQ,084730,팅크웨어,KOSDAQ,86653507200,25.18518332776497
00911229,232680,라온로보틱스,KOSDAQ,232680,라온로보틱스,KOSDAQ,206051558790,26.05139225980818
00114792,001230,동국홀딩스,KOSPI,001230,동국홀딩스,KOSPI,362525506200,26.616360670696892
00449254,099320,쎄트렉아이,KOSDAQ,099320,쎄트렉아이,KOSDAQ,1727016540600,28.177416492696327
00503668,079550,LIG디펜스앤에어로스페이스,KOSPI,079550,LIG디펜스앤에어로스페이스,KOSPI,18348000000000,30.540541692663474
00161781,025980,아난티,KOSDAQ,025980,아난티,KOSDAQ,571156811300,27.07092963464398
00199252,028300,HLB,KOSDAQ,028300,HLB,KOSDAQ,6912212076300,29.56431082929468
00660033,115530,씨엔플러스,KOSDAQ,115530,씨엔플러스,KOSDAQ,26491522848,24.000090626233757
00925587,348350,위드텍,KOSDAQ,348350,위드텍,KOSDAQ,112259250000,25.44407676551885
00256380,049520,유아이엘,KOSDAQ,049520,유아이엘,KOSDAQ,119977811250,25.51057265638119
01031502,196450,코아시아씨엠,KOSDAQ,196450,코아시아씨엠,KOSDAQ,62314425250,24.855458780881246
00572905,095340,ISC,KOSDAQ,095340,ISC,KOSDAQ,4758739521000,29.191003942591838
01505186,365590,하이딥,KOSDAQ,365590,하이딥,KOSDAQ,47704154502,24.588284327526015
00106119,001570,금양,KOSPI,001570,금양,KOSPI,633275240400,27.174170983541565
00854997,137310,에스디바이오센서,KOSPI,137310,에스디바이오센서,KOSPI,964785324980,27.595171452376622
01051065,236810,엔비티,KOSDAQ,236810,엔비티,KOSDAQ,27975502048,24.05459503729257
00480367,100090,SK오션플랜트,KOSPI,100090,SK오션플랜트,KOSPI,1206452670990,27.8187054928873
00103592,009290,광동제약,KOSPI,009290,광동제약,KOSPI,374992554240,26.6501720073597
00140566,002680,한탑,KOSDAQ,002680,한탑,KOSDAQ,20230316174,23.730448116970816
00599595,126600,BGF에코머티리얼즈,KOSDAQ,126600,BGF에코머티리얼즈,KOSDAQ,253264437465,26.257699987196567
00246417,039030,이오테크닉스,KOSDAQ,039030,이오테크닉스,KOSDAQ,5445241100000,29.325763150488367
00363510,060230,제이케이시냅스,KOSDAQ,060230,제이케이시냅스,KOSDAQ,27316466655,24.03075553147672
00116824,000640,동아쏘시오홀딩스,KOSPI,000640,동아쏘시오홀딩스,KOSPI,640936570400,27.186196334836634
01301623,146320,비씨엔씨,KOSDAQ,146320,비씨엔씨,KOSDAQ,205790601840,26.05012499283131
01014718,361390,제노코,KOSDAQ,361390,제노코,KOSDAQ,247790896450,26.235851067976704
00396925,058970,엠로,KOSDAQ,058970,엠로,KOSDAQ,302888453000,26.43663043276072
00409681,067390,아스트,KOSDAQ,067390,아스트,KOSDAQ,280272941615,26.359029756797117
00128032,000520,삼일제약,KOSPI,000520,삼일제약,KOSPI,181126621850,25.922462191860486
01263527,284620,카이노스메드,KOSDAQ,284620,카이노스메드,KOSDAQ,35965517911,24.305826480579118
00151605,013720,THE CUBE&,KOSDAQ,013720,THE CUBE&,KOSDAQ,34063760080,24.251499901859955
01405390,347770,핌스,KOSDAQ,347770,핌스,KOSDAQ,40731248844,24.430261419663807
00123718,003000,부광약품,KOSPI,003000,부광약품,KOSPI,562388624700,27.05545895088696
01288827,403870,HPSP,KOSDAQ,403870,HPSP,KOSDAQ,4073850000000,29.03560961420408
00231372,032350,롯데관광개발,KOSPI,032350,롯데관광개발,KOSPI,1557800846180,28.074296228621225
00155531,005810,풍산홀딩스,KOSPI,005810,풍산홀딩스,KOSPI,604084534800,27.126979983366127
00608699,134580,탑코미디어,KOSDAQ,134580,탑코미디어,KOSDAQ,80793110211,25.115157529171956
01436558,404990,신한서부티엔디리츠,KOSPI,404990,신한서부티엔디리츠,KOSPI,238807077600,26.19892185621661
00619507,112290,와이씨켐,KOSDAQ,112290,와이씨켐,KOSDAQ,288554954300,26.3881513875973
01407909,336570,원텍,KOSDAQ,336570,원텍,KOSDAQ,723811619680,27.30779700166369
00493185,090470,제이스로보틱스,KOSDAQ,090470,제이스로보틱스,KOSDAQ,123909051460,25.542813677473283
01480780,400760,NH올원리츠,KOSPI,400760,NH올원리츠,KOSPI,174125801750,25.883043873486606
00415628,075580,세진중공업,KOSPI,075580,세진중공업,KOSPI,943700969600,27.573075183418332
01291317,393890,더블유씨피,KOSDAQ,393890,더블유씨피,KOSDAQ,503924414160,26.945692121866106
00150536,007370,진양제약,KOSDAQ,007370,진양제약,KOSDAQ,65443137810,24.904447477510683
00667425,200470,에이팩트,KOSDAQ,200470,에이팩트,KOSDAQ,348640025390,26.577305780968555
00108241,004370,농심,KOSPI,004370,농심,KOSPI,2426974158000,28.5176663949031
00580199,086900,메디톡스,KOSDAQ,086900,메디톡스,KOSDAQ,745176543700,27.336886998662077
01478712,353200,대덕전자,KOSPI,353200,대덕전자,KOSPI,6710818415000,29.534742028923056
00657783,417970,모델솔루션,KOSDAQ,417970,모델솔루션,KOSDAQ,127102429000,25.56825912589548
00808068,138360,앤로보틱스,KOSDAQ,138360,앤로보틱스,KOSDAQ,302962426070,26.43687462839672
00359076,064480,브리지텍,KOSDAQ,064480,브리지텍,KOSDAQ,46734275000,24.567743672461805
00203290,024720,콜마홀딩스,KOSPI,024720,콜마홀딩스,KOSPI,337818151150,26.545773573298664
00622787,377740,바이오노트,KOSPI,377740,바이오노트,KOSPI,506883088800,26.95154621986385
00353762,054780,키이스트,KOSDAQ,054780,키이스트,KOSDAQ,42362543915,24.46953041052702
00527002,127980,화인써키트,KOSDAQ,127980,화인써키트,KOSDAQ,69978442440,24.97145306642191
00219440,028080,휴맥스홀딩스,KOSDAQ,028080,휴맥스홀딩스,KOSDAQ,17937457440,23.61015695778051
01026157,403550,쏘카,KOSPI,403550,쏘카,KOSPI,502481100600,26.94282386542607
01090471,222080,씨아이에스,KOSDAQ,222080,씨아이에스,KOSDAQ,1055476554080,27.68501349089475
01686755,441270,파인엠텍,KOSDAQ,441270,파인엠텍,KOSDAQ,414808247280,26.751082195649932
00995993,180400,DXVX,KOSDAQ,180400,DXVX,KOSDAQ,369110370000,26.634361541954807
01343665,327260,RF머트리얼즈,KOSDAQ,327260,RF머트리얼즈,KOSDAQ,856309608000,27.475897839282304
00124276,008470,부스타,KOSDAQ,008470,부스타,KOSDAQ,30761568000,24.149531955577245
00481454,073240,금호타이어,KOSPI,073240,금호타이어,KOSPI,1453537052220,28.00502104834386
00479705,079190,케스피온,KOSDAQ,079190,케스피온,KOSDAQ,21364021298,23.78497409633413
00838005,178320,서진시스템,KOSDAQ,178320,서진시스템,KOSDAQ,3989910367000,29.014789882166966
01301252,425040,티이엠씨,KOSDAQ,425040,티이엠씨,KOSDAQ,468173349900,26.872104470050008
01516368,419120,산돌,KOSDAQ,419120,산돌,KOSDAQ,54678714830,24.72474034505119
00371485,089010,켐트로닉스,KOSDAQ,089010,켐트로닉스,KOSDAQ,617136993600,27.148356867973007
00666064,108860,셀바스AI,KOSDAQ,108860,셀바스AI,KOSDAQ,301445648000,26.43185556488924
00225742,060370,LS마린솔루션,KOSDAQ,060370,LS마린솔루션,KOSDAQ,1877986801300,28.261221468628154
00860332,138040,메리츠금융지주,KOSPI,138040,메리츠금융지주,KOSPI,17705341483400,30.504887488705457
01721809,453340,현대그린푸드,KOSPI,453340,현대그린푸드,KOSPI,597385216080,27.11582799531809
01013311,214180,헥토이노베이션,KOSDAQ,214180,헥토이노베이션,KOSDAQ,237778616100,26.19460589327408
00653024,272450,진에어,KOSPI,272450,진에어,KOSPI,318942000000,26.48827510501851
00957373,168360,펨트론,KOSDAQ,168360,펨트론,KOSDAQ,501444797700,26.940759363912903
01182240,267790,배럴,KOSDAQ,267790,배럴,KOSDAQ,26758795320,24.01012905325588
00303794,086980,쇼박스,KOSDAQ,086980,쇼박스,KOSDAQ,173507260000,25.879485279838278
00651901,298690,에어부산,KOSPI,298690,에어부산,KOSPI,228497760000,26.154792244169162
00799177,122350,삼기,KOSDAQ,122350,삼기,KOSDAQ,49879595828,24.63287785483849
01765265,460860,동국제강,KOSPI,460860,동국제강,KOSPI,642919900320,27.189285981604723
01765256,460850,동국씨엠,KOSPI,460850,동국씨엠,KOSPI,180886868800,25.921137638542753
01067808,217270,넵튠,KOSDAQ,217270,넵튠,KOSDAQ,159368542630,25.7944852352069
01760738,456040,OCI,KOSPI,456040,OCI,KOSPI,1086832893000,27.71428897995889
01535150,395400,SK리츠,KOSPI,395400,SK리츠,KOSPI,1742892019800,28.186566929772876
01303029,361570,알비더블유,KOSDAQ,361570,알비더블유,KOSDAQ,51163057980,24.658283584740154
01494118,376930,노을,KOSDAQ,376930,노을,KOSDAQ,58420816897,24.790938116981813
00113997,020150,롯데에너지머티리얼즈,KOSPI,020150,롯데에너지머티리얼즈,KOSPI,3204766335600,28.795660297434345
01107665,900250,크리스탈신소재,KOSDAQ,900250,크리스탈신소재,KOSDAQ,74495202080,25.034000558647314
00160843,000990,DB하이텍,KOSPI,000990,DB하이텍,KOSPI,7113000138000,29.59294523108102
00526872,086890,이수앱지스,KOSDAQ,086890,이수앱지스,KOSDAQ,168584901050,25.85070532364031
00122825,006490,인스코비,KOSPI,006490,인스코비,KOSPI,55144952226,24.733231050369938
00609661,204610,티쓰리,KOSDAQ,204610,티쓰리,KOSDAQ,173255418000,25.878032747254714
00173874,002350,넥센타이어,KOSPI,002350,넥센타이어,KOSPI,666094921140,27.22469802156542
00367604,063440,SM Life Design,KOSDAQ,063440,SM Life Design,KOSDAQ,59549644296,24.810076159530887
00411808,418550,제이오,KOSDAQ,418550,제이오,KOSDAQ,324979380950,26.507027574032772
00111704,042660,한화오션,KOSPI,042660,한화오션,KOSPI,36187421831400,31.219732711159946
00831428,131030,옵투스제약,KOSDAQ,131030,옵투스제약,KOSDAQ,136761072500,25.641501243892083
01105153,454910,두산로보틱스,KOSPI,454910,두산로보틱스,KOSPI,8258065452000,29.74221146925108
00923516,446540,메가터치,KOSDAQ,446540,메가터치,KOSDAQ,182525155470,25.930153838661926
01042650,115180,큐리언트,KOSDAQ,115180,큐리언트,KOSDAQ,1037078638600,27.667428875087662
00301422,066590,스모트로닉,KOSDAQ,066590,스모트로닉,KOSDAQ,94374166280,25.270533210357375
00495086,087600,픽셀플러스,KOSDAQ,087600,픽셀플러스,KOSDAQ,46141052700,24.554968904776356
00638487,150900,파수AI,KOSDAQ,150900,파수AI,KOSDAQ,57115139360,24.76833505611884
01806951,472850,폰드그룹,KOSDAQ,472850,폰드그룹,KOSDAQ,286418968700,26.380721501334108
00220613,092790,넥스틸,KOSPI,092790,넥스틸,KOSPI,538241400000,27.01157299535771
00105952,006260,LS,KOSPI,006260,LS,KOSPI,14742000000000,30.321721678695646
00606664,105330,케이엔더블유,KOSDAQ,105330,케이엔더블유,KOSDAQ,148020364800,25.720615701244515
01571107,394280,오픈엣지테크놀로지,KOSDAQ,394280,오픈엣지테크놀로지,KOSDAQ,439723585700,26.80941215213124
01311408,450080,에코프로머티,KOSPI,450080,에코프로머티,KOSPI,4560511651500,29.14845593743673
00534701,396300,세아메카닉스,KOSDAQ,396300,세아메카닉스,KOSDAQ,166354060000,25.837384245485172
01141942,290740,액트로,KOSDAQ,290740,액트로,KOSDAQ,160033674900,25.79865009815993
00528791,412540,제일엠앤에스,KOSDAQ,412540,제일엠앤에스,KOSDAQ,81063616775,25.118500075643674
00970453,214450,파마리서치,KOSDAQ,214450,파마리서치,KOSDAQ,3407804544000,28.857089371138247
01596656,408920,메쎄이상,KOSDAQ,408920,메쎄이상,KOSDAQ,149584294300,25.73112591234985
00169048,003580,HLB글로벌,KOSPI,003580,HLB글로벌,KOSPI,94436773320,25.271196382125144
01226270,352090,스톰테크,KOSDAQ,352090,스톰테크,KOSDAQ,101445567450,25.342788210297226
01190568,278470,에이피알,KOSPI,278470,에이피알,KOSPI,15125014620000,30.347371086456555
01444380,355690,에이텀,KOSDAQ,355690,에이텀,KOSDAQ,22619841300,23.842093291694656
01161432,199550,레이저옵텍,KOSDAQ,199550,레이저옵텍,KOSDAQ,65841083085,24.910509843438124
01194689,443060,HD현대마린솔루션,KOSPI,443060,HD현대마린솔루션,KOSPI,9661610630000,29.899181482138818
00651017,293580,나우IB,KOSDAQ,293580,나우IB,KOSDAQ,217389585500,26.10495690570224
00366438,062040,산일전기,KOSPI,062040,산일전기,KOSPI,8220355725000,29.737634599607723
01384787,462870,시프트업,KOSPI,462870,시프트업,KOSPI,1771361068000,28.20276933198395
00406046,071970,HD현대마린엔진,KOSPI,071970,HD현대마린엔진,KOSPI,2686582404000,28.619291020011705
01468061,443250,레뷰코퍼레이션,KOSDAQ,443250,레뷰코퍼레이션,KOSDAQ,80303249600,25.109075925324394
01703849,473980,노머스,KOSDAQ,473980,노머스,KOSDAQ,188119067220,25.960340935580177
00814582,336680,탑런토탈솔루션,KOSDAQ,336680,탑런토탈솔루션,KOSDAQ,143272742280,25.688015939312052
00146269,003200,일신방직,KOSPI,003200,일신방직,KOSPI,273224000000,26.33355780851526
01854763,487570,HS효성,KOSPI,487570,HS효성,KOSPI,219829693000,26.116118960783776
01109937,246710,티앤알바이오팹,KOSDAQ,246710,티앤알바이오팹,KOSDAQ,118684614960,25.499735517356175
00668600,102370,케이옥션,KOSDAQ,102370,케이옥션,KOSDAQ,80053877400,25.105965712442824
00923826,178780,일월지엠엘,KOSDAQ,178780,일월지엠엘,KOSDAQ,43056540450,24.48577998310971
01267684,284740,쿠쿠홈시스,KOSPI,284740,쿠쿠홈시스,KOSPI,548592718500,27.030622142485417
01201590,270660,에브리봇,KOSDAQ,270660,에브리봇,KOSDAQ,220562332540,26.119446179141033
01311055,294570,쿠콘,KOSDAQ,294570,쿠콘,KOSDAQ,274999697000,26.340035832794193
01208751,212710,아이에스티이,KOSDAQ,212710,아이에스티이,KOSDAQ,102099796580,25.349216569754617
01519790,484870,엠앤씨솔루션,KOSPI,484870,엠앤씨솔루션,KOSPI,836666460000,27.45269133339215
00636656,099430,바이오플러스,KOSDAQ,099430,바이오플러스,KOSDAQ,350119300960,26.58153979323605
01817081,475150,SK이터닉스,KOSPI,475150,SK이터닉스,KOSPI,1514278327800,28.045960090111436
01293485,381620,제닉스로보틱스,KOSDAQ,381620,제닉스로보틱스,KOSDAQ,148494854400,25.723816144083774
01207901,466410,사이냅소프트,KOSDAQ,466410,사이냅소프트,KOSDAQ,55407253000,24.737976342707917
00106313,002990,금호건설,KOSPI,002990,금호건설,KOSPI,170836980790,25.86397561002879
00139834,064400,LG씨엔에스,KOSPI,064400,LG씨엔에스,KOSPI,8390323096800,29.758100145415884
01718407,478560,블랙야크아이앤씨,KOSDAQ,478560,블랙야크아이앤씨,KOSDAQ,80203075290,25.107827696345563
00493325,172670,에이엘티,KOSDAQ,172670,에이엘티,KOSDAQ,160926251640,25.804212032639526
01867758,489790,한화비전,KOSPI,489790,한화비전,KOSPI,3564480334000,28.90203939030554
00351427,096250,와이즈넛,KOSDAQ,096250,와이즈넛,KOSDAQ,119651790720,25.507851617507228
00108612,017860,DS단석,KOSPI,017860,DS단석,KOSPI,335114952930,26.537739452985985
00652007,241770,메카로,KOSDAQ,241770,메카로,KOSDAQ,399041856000,26.712332150590058
00596260,079970,투비소프트,KOSDAQ,079970,투비소프트,KOSDAQ,7646223464,22.757477698055652
01882845,499790,GS피앤엘,KOSPI,499790,GS피앤엘,KOSPI,1047068404800,27.67701537978019
00249894,066700,테라젠이텍스,KOSDAQ,066700,테라젠이텍스,KOSDAQ,104583938440,25.373255824588036
01190124,279600,미디어젠,KOSDAQ,279600,미디어젠,KOSDAQ,22885155185,23.853754292108334
01042429,205500,넥써쓰,KOSDAQ,205500,넥써쓰,KOSDAQ,101681789014,25.34511405822436
00133858,004490,세방전지,KOSPI,004490,세방전지,KOSPI,852390000000,27.47131000552064
01497373,461030,아이엠비디엑스,KOSDAQ,461030,아이엠비디엑스,KOSDAQ,81993437240,25.129905047349265
00661847,133820,화인베스틸,KOSPI,133820,화인베스틸,KOSPI,48248852600,24.59963788413777
00863533,482630,삼양엔씨켐,KOSDAQ,482630,삼양엔씨켐,KOSDAQ,418066148000,26.758905505754974
01514005,355390,크라우드웍스,KOSDAQ,355390,크라우드웍스,KOSDAQ,50236079775,24.63999932610565
00862853,237820,플레이디,KOSDAQ,237820,플레이디,KOSDAQ,54002259400,24.712291723376126
01559637,439580,블루엠텍,KOSDAQ,439580,블루엠텍,KOSDAQ,92401073310,25.249404431435675
01286476,474610,RF시스템즈,KOSDAQ,474610,RF시스템즈,KOSDAQ,174696382080,25.8863153445417
01237434,300080,플리토,KOSDAQ,300080,플리토,KOSDAQ,165219564510,25.83054112025839
00140946,009180,한솔로지스틱스,KOSPI,009180,한솔로지스틱스,KOSPI,87846174000,25.19885309912287
01267958,303360,프로티아,KOSDAQ,303360,프로티아,KOSDAQ,61307443400,24.83916709829194
00406222,081180,쎄크,KOSDAQ,081180,쎄크,KOSDAQ,87637562550,25.196475539214802
00494546,352910,오비고,KOSDAQ,352910,오비고,KOSDAQ,71024447240,24.98628998204462
00258689,035900,JYP Ent.,KOSDAQ,035900,JYP Ent.,KOSDAQ,2256313242000,28.44475328833007
01061497,214270,FSN,KOSDAQ,214270,FSN,KOSDAQ,72452590585,25.006198261940646
00226547,053980,오상자이엘,KOSDAQ,053980,오상자이엘,KOSDAQ,56948349000,24.765410536076967
01563667,462860,더즌,KOSDAQ,462860,더즌,KOSDAQ,216405533260,26.100419953185188
00982023,257720,실리콘투,KOSDAQ,257720,실리콘투,KOSDAQ,2531243327200,28.559731731629885
01370863,402490,그린리소스,KOSDAQ,402490,그린리소스,KOSDAQ,273766249600,26.335540475584835
01649204,483650,달바글로벌,KOSPI,483650,달바글로벌,KOSPI,2937694210000,28.70864610725594
00308559,080530,코디,KOSDAQ,080530,코디,KOSDAQ,45241363125,24.535277618708573
01456011,376300,디어유,KOSDAQ,376300,디어유,KOSDAQ,638563121400,27.182486366420807
01335143,376900,로킷헬스케어,KOSDAQ,376900,로킷헬스케어,KOSDAQ,1088941925400,27.716227630082706
00179489,317450,명인제약,KOSPI,317450,명인제약,KOSPI,753360000000,27.34780903814822
01632912,476060,온코닉테라퓨틱스,KOSDAQ,476060,온코닉테라퓨틱스,KOSDAQ,886815115200,27.510902359198248
00150828,002780,진흥기업,KOSPI,002780,진흥기업,KOSPI,164819487085,25.82811669430617
00101220,001390,KG케미칼,KOSPI,001390,KG케미칼,KOSPI,362386031700,26.61597586649823
00426068,069920,엑시온그룹,KOSDAQ,069920,엑시온그룹,KOSDAQ,14576944928,23.4027070030247
00182696,439260,대한조선,KOSPI,439260,대한조선,KOSPI,2673726052800,28.61449414089338
01565054,318060,그래피,KOSDAQ,318060,그래피,KOSDAQ,303351755550,26.438158878527467
01965324,0126Z0,삼성에피스홀딩스,KOSPI,0126Z0,삼성에피스홀딩스,KOSPI,12615705843000,30.165963649131662
01010615,061090,세나테크놀로지,KOSDAQ,061090,세나테크놀로지,KOSDAQ,248903077500,26.240329410646893
01051472,229000,젠큐릭스,KOSDAQ,229000,젠큐릭스,KOSDAQ,64778876225,24.894245402978147
01182408,258790,소프트캠프,KOSDAQ,258790,소프트캠프,KOSDAQ,42935025912,24.48295378458762
01454341,367000,플래티어,KOSDAQ,367000,플래티어,KOSDAQ,32126832810,24.19295743098573
01803635,488280,에스투더블유,KOSDAQ,488280,에스투더블유,KOSDAQ,277649590200,26.349625688673996
01462605,388050,지투파워,KOSDAQ,388050,지투파워,KOSDAQ,235738906200,26.1859906998766
00112998,031210,서울보증보험,KOSPI,031210,서울보증보험,KOSPI,3187355948700,28.790212832827173
00137234,012860,모베이스전자,KOSDAQ,012860,모베이스전자,KOSDAQ,340535575050,26.55378543593307
00132354,192400,쿠쿠홀딩스,KOSPI,192400,쿠쿠홀딩스,KOSPI,992184961500,27.62317537997606
00185301,0010V0,제이피아이헬스케어,KOSDAQ,0010V0,제이피아이헬스케어,KOSDAQ,52585620000,24.685708535283432
01512575,384470,코어라인소프트,KOSDAQ,384470,코어라인소프트,KOSDAQ,66402760400,24.919004464853852
01803927,481070,에이유브랜즈,KOSDAQ,481070,에이유브랜즈,KOSDAQ,253685400000,26.259360753610306
01013694,211050,인카금융서비스,KOSDAQ,211050,인카금융서비스,KOSDAQ,514805215650,26.967054444027315
00949161,217590,티엠씨,KOSPI,217590,티엠씨,KOSPI,578261400000,27.08329185251992
01781999,0009K0,에임드바이오,KOSDAQ,0009K0,에임드바이오,KOSDAQ,2541576627300,28.56380572380183
00541349,068760,셀트리온제약,KOSDAQ,068760,셀트리온제약,KOSDAQ,2260078698800,28.44642075108433
00317681,059210,메타바이오메드,KOSDAQ,059210,메타바이오메드,KOSDAQ,112489782300,25.446128230466137
01381805,0015N0,아로마티카,KOSDAQ,0015N0,아로마티카,KOSDAQ,98287336500,25.311161030775445
01203312,279570,케이뱅크,KOSPI,279570,케이뱅크,KOSPI,2202924669930,28.420806988851815
01780608,0088M0,메쥬,KOSDAQ,0088M0,메쥬,KOSDAQ,271748125000,26.328141463199916
00113225,084010,대한제강,KOSPI,084010,대한제강,KOSPI,379462419840,26.662021403424205
00122898,007210,벽산,KOSPI,007210,벽산,KOSPI,120916000000,25.51836192658839
00141556,039830,오로라,KOSDAQ,039830,오로라,KOSDAQ,177372427200,25.90151746745884
01157846,188040,바이오포트,KOSDAQ,188040,바이오포트,KOSDAQ,25315056280,23.954665165553646
00203582,025750,한솔홈데코,KOSPI,025750,한솔홈데코,KOSPI,37785053005,24.355179438223455
01292291,440110,파두,KOSDAQ,440110,파두,KOSDAQ,5014692382700,29.243393196019433
00268118,036690,코맥스,KOSDAQ,036690,코맥스,KOSDAQ,125692107675,25.557101163578587
00203209,043340,에쎈테크,KOSDAQ,043340,에쎈테크,KOSDAQ,52155000000,24.677485891074344
01585155,440320,오픈놀,KOSDAQ,440320,오픈놀,KOSDAQ,42219850000,24.466156326541704
00269241,044380,주연테크,KOSPI,044380,주연테크,KOSPI,27727080260,24.045675399288736
00544577,089970,브이엠,KOSDAQ,089970,브이엠,KOSDAQ,1342642129000,27.925660526627016
00330044,050110,캠시스,KOSDAQ,050110,캠시스,KOSDAQ,51932510471,24.673210837000205
00249502,035290,골드앤에스,KOSDAQ,035290,골드앤에스,KOSDAQ,18140900640,23.621434929794518
