stock_code,corp_code,corp_name,induty_code,sector
285130,01267170,SK케미칼,20202,Chemicals/Materials
103140,00684714,풍산,242,Chemicals/Materials
200710,00657002,에이디테크놀로지,2611,IT/Electronics
094280,00414850,효성 ITX,759,Other
298000,01316236,효성화학,201,Chemicals/Materials
298050,01316254,HS효성첨단소재,205,Chemicals/Materials
086790,00547583,하나금융지주,64992,Finance
016250,00141246,SGC E&C,4112,Construction
001120,00120076,LX인터내셔널,4610,Consumer
267250,01205709,HD현대,64992,Finance
214390,00101664,경보제약,211,Biotech/Healthcare
028050,00126308,삼성E&A,72129,Biotech/Healthcare
078930,00500254,GS,64992,Finance
001250,00138190,GS글로벌,468,Consumer
204320,01042775,HL만도,303,Machinery/Transportation
000210,00109693,DL,20111,Chemicals/Materials
030000,00148276,제일기획,71310,Services
207940,00877059,삼성바이오로직스,211,Biotech/Healthcare
011330,00137207,유니켐,303,Machinery/Transportation
009540,00164830,HD한국조선해양,64992,Finance
096770,00631518,SK이노베이션,192,Energy
066570,00401731,LG전자,264,IT/Electronics
185750,00992871,종근당,212,Biotech/Healthcare
063160,00390055,종근당바이오,212,Biotech/Healthcare
094360,00579971,칩스앤미디어,261,IT/Electronics
017670,00159023,SK텔레콤,61220,IT/Electronics
007690,00104388,국도화학,20111,Chemicals/Materials
002790,00154462,아모레퍼시픽홀딩스,20423,Chemicals/Materials
001740,00131780,SK네트웍스,467,Consumer
090430,00583424,아모레퍼시픽,20423,Chemicals/Materials
038390,00261355,레드캡투어,75210,Other
034830,00233653,한국토지신탁,642,Finance
136540,00868705,윈스테크넷,62021,IT/Electronics
045300,00350482,성우테크론,2629,IT/Electronics
206650,00927558,유바이오로직스,212,Biotech/Healthcare
003620,00138242,KG모빌리티,301,Machinery/Transportation
066130,00221728,하츠,28519,Machinery/Transportation
005930,00126380,삼성전자,264,IT/Electronics
035420,00266961,NAVER,63120,IT/Electronics
229640,01093007,LS에코에너지,64992,Finance
058430,00155258,포스코스틸리온,2419,Chemicals/Materials
298020,01316227,효성티앤씨,2050,Chemicals/Materials
298040,01316245,효성중공업,281,Machinery/Transportation
035000,00140168,HS애드,71310,Services
007070,00140177,GS리테일,47122,Consumer
030210,00156859,다올투자증권,661,Finance
267260,01205851,HD현대일렉트릭,281,Machinery/Transportation
047050,00124504,포스코인터내셔널,461,Consumer
051910,00356361,LG화학,20111,Chemicals/Materials
005490,00155319,POSCO홀딩스,2411,Chemicals/Materials
004430,00134963,송원산업,20499,Chemicals/Materials
267270,01205842,HD건설기계,29241,Machinery/Transportation
046890,00130763,서울반도체,2612,IT/Electronics
014830,00159786,유니드,20129,Chemicals/Materials
053210,00349097,케이티스카이라이프,60229,Services
034220,00105873,LG디스플레이,2621,IT/Electronics
003490,00113526,대한항공,511,Machinery/Transportation
025900,00173032,동화기업,16212,Chemicals/Materials
005430,00156691,한국공항,52939,Machinery/Transportation
108670,00759513,LX하우시스,2222,Chemicals/Materials
004800,00117188,효성,649,Finance
011150,00129013,CJ씨푸드,108,Consumer
035510,00219486,신세계I&C,62021,IT/Electronics
054950,00361381,제이브이엠,29192,Machinery/Transportation
010120,00105855,엘에스일렉트릭,28121,Machinery/Transportation
109080,00660291,옵티시스,26410,IT/Electronics
006360,00120030,GS건설,4111,Construction
044450,00160232,KSS해운,50112,Machinery/Transportation
175330,00980122,JB금융지주,64992,Finance
032640,00231363,LG유플러스,61220,IT/Electronics
009150,00126371,삼성전기,2622,IT/Electronics
008260,00116301,NI스틸,2419,Chemicals/Materials
294870,01310269,IPARK현대산업개발,411,Construction
012510,00172291,더존비즈온,62022,IT/Electronics
047040,00124540,대우건설,41112,Construction
215000,01067516,골프존,58219,IT/Electronics
012280,00141413,영화금속,303,Machinery/Transportation
234300,01014055,에스트래픽,6202,IT/Electronics
003670,00155276,포스코퓨처엠,282,Machinery/Transportation
012750,00158501,에스원,75320,Other
010950,00138279,S-Oil,19210,Energy
041920,00273439,메디아나,27112,IT/Electronics
214320,00565154,이노션,71310,Services
178920,00767460,PI첨단소재,2221,Chemicals/Materials
071320,00159698,지역난방공사,35300,Energy
018250,00139454,애경산업,20422,Chemicals/Materials
086280,00360595,현대글로비스,5299,Machinery/Transportation
008770,00165680,호텔신라,47859,Consumer
012330,00164788,현대모비스,303,Machinery/Transportation
006400,00126362,삼성SDI,28202,Machinery/Transportation
011070,00105961,LG이노텍,262,IT/Electronics
029780,00126292,삼성카드,64913,Finance
011210,00106623,현대위아,303,Machinery/Transportation
000720,00164478,현대건설,41221,Construction
004020,00145880,현대제철,2411,Chemicals/Materials
036560,00141389,KZ정밀,29120,Machinery/Transportation
000270,00106641,기아,30121,Machinery/Transportation
016580,00166573,환인제약,212,Biotech/Healthcare
064350,00302926,현대로템,31910,Machinery/Transportation
005380,00164742,현대자동차,30121,Machinery/Transportation
004000,00157681,롯데정밀화학,20119,Chemicals/Materials
051900,00356370,LG생활건강,20422,Chemicals/Materials
092870,00611736,엑시콘,29271,Machinery/Transportation
018260,00126186,삼성에스디에스,62021,IT/Electronics
000660,00164779,SK하이닉스,2612,IT/Electronics
067830,00422895,세이브존I&C,47111,Consumer
084990,00359395,헬릭스미스,70113,Services
028260,00149655,삼성물산,467,Consumer
237690,00871833,에스티팜,212,Biotech/Healthcare
023900,00155452,풍국주정,11121,Consumer
218410,01078178,RFHIC,264,IT/Electronics
086520,00536541,에코프로,64992,Finance
089980,00181299,상아프론테크,222,Chemicals/Materials
195870,01032413,해성디에스,262,IT/Electronics
094480,00587457,갤럭시아머니트리,58221,IT/Electronics
004170,00136378,신세계,47111,Consumer
080220,00447487,제주반도체,2611,IT/Electronics
098460,00579999,고영,29271,Machinery/Transportation
139480,00872984,이마트,471,Consumer
036460,00261285,한국가스공사,35200,Energy
010140,00126478,삼성중공업,3111,Machinery/Transportation
237880,00957735,클리오,20423,Chemicals/Materials
034230,00171265,파라다이스,91249,Services
114090,00557508,GKL,91249,Services
010780,00115977,아이에스동서,2332,Chemicals/Materials
095610,00524421,테스,29271,Machinery/Transportation
084870,00409672,티비에이치글로벌,141,Consumer
080160,00456218,모두투어,75210,Other
170900,00956930,동아에스티,212,Biotech/Healthcare
041830,00269922,인바디,27199,IT/Electronics
036420,00203315,콘텐트리중앙,591,Services
057050,00412597,현대홈쇼핑,47919,Consumer
042000,00260879,카페24,63112,IT/Electronics
104480,00693554,티케이케미칼,20501,Chemicals/Materials
016740,00119672,두올,303,Machinery/Transportation
189980,00916516,흥국에프엔비,11209,Consumer
084110,00228059,휴온스글로벌,212,Biotech/Healthcare
120030,00796994,조선선재,2599,Machinery/Transportation
000590,00149026,CS홀딩스,64992,Finance
068240,00523307,다원시스,2811,Machinery/Transportation
000540,00103176,흥국화재,65121,Finance
036710,00152127,심텍홀딩스,715,Services
222800,01095722,심텍,2622,IT/Electronics
000880,00160588,한화,20494,Chemicals/Materials
085620,00112332,미래에셋생명,65110,Finance
013360,00146232,일성건설,41221,Construction
260930,01144028,씨티케이,20423,Chemicals/Materials
263720,01186404,디앤씨미디어,581,IT/Electronics
010400,00143262,우진아이엔에스,422,Construction
068270,00413046,셀트리온,21100,Biotech/Healthcare
005440,00105280,현대지에프홀딩스,64992,Finance
078140,00442826,대봉엘에스,212,Biotech/Healthcare
067170,00397289,오텍,304,Machinery/Transportation
145720,00526599,덴티움,27191,IT/Electronics
140910,00860730,에이리츠,68121,Construction
001450,00164973,현대해상,65121,Finance
271560,01238169,오리온,108,Consumer
058730,00353878,다스코,25112,Machinery/Transportation
015760,00159193,한국전력공사,35120,Energy
121600,00439965,나노신소재,2049,Chemicals/Materials
122870,00613318,와이지엔터테인먼트,59201,Services
140860,00244747,파크시스템스,27219,IT/Electronics
093320,00603348,케이아이엔엑스,63112,IT/Electronics
088350,00113058,한화생명,65110,Finance
243070,01159853,휴온스,212,Biotech/Healthcare
003070,00152880,코오롱글로벌,41221,Construction
033780,00244455,케이티앤지,12000,Consumer
024880,00157636,케이피에프,259,Machinery/Transportation
005830,00159102,DB손해보험,65121,Finance
012450,00126566,한화에어로스페이스,31321,Machinery/Transportation
009580,00119007,무림P&P,171,Chemicals/Materials
000810,00139214,삼성화재해상보험,65121,Finance
009830,00162461,한화솔루션,20111,Chemicals/Materials
032580,00189538,피델릭스,2611,IT/Electronics
234100,00617998,폴라리스세원,303,Machinery/Transportation
120110,00795135,코오롱인더,205,Chemicals/Materials
078520,00400857,에이블씨엔씨,20423,Chemicals/Materials
039570,00350312,HDC랩스,423,Construction
100120,00609324,뷰웍스,27199,IT/Electronics
019210,00139719,와이지-원,25934,Machinery/Transportation
059090,00366942,미코,261,IT/Electronics
036830,00247975,솔브레인홀딩스,715,Services
047820,00299464,초록뱀미디어,59114,Services
192440,00917861,슈피겐코리아,339,Machinery/Transportation
049960,00357430,쎌바이오텍,211,Biotech/Healthcare
249420,01168383,일동제약,212,Biotech/Healthcare
000230,00146083,일동홀딩스,212,Biotech/Healthcare
119610,00604426,인터로조,271,IT/Electronics
143210,00119140,핸즈코퍼레이션,303,Machinery/Transportation
035600,00264547,KG이니시스,58221,IT/Electronics
099190,00550994,아이센스,27112,IT/Electronics
200670,00614478,휴메딕스,212,Biotech/Healthcare
115160,00787057,휴맥스,465,Consumer
051600,00159218,한전KPS,42311,Construction
096240,00525882,크레버스,855,Other
200130,01032404,콜마비앤에이치,211,Biotech/Healthcare
004690,00128555,삼천리,35200,Energy
002380,00105271,케이씨씨,20411,Chemicals/Materials
214420,00816544,토니모리,20423,Chemicals/Materials
077500,00414601,유니퀘스트,4659,Consumer
095720,00628189,웅진씽크빅,85120,Other
023530,00120526,롯데쇼핑,47111,Consumer
240810,01135941,원익IPS,292,Machinery/Transportation
035760,00265324,CJ ENM,602,Services
021240,00170558,코웨이,969,Other
035080,00244561,그래디언트,479,Consumer
035250,00255619,강원랜드,91249,Services
097950,00635134,CJ제일제당,108,Consumer
253450,01168684,스튜디오드래곤,59114,Services
020560,00138792,아시아나항공,511,Machinery/Transportation
042040,00206686,케이피엠테크,467,Consumer
086670,00524786,비엠티,29133,Machinery/Transportation
067160,00399694,SOOP,582,IT/Electronics
018880,00161125,한온시스템,29172,Machinery/Transportation
216050,00819073,인크로스,71310,Services
035720,00258801,카카오,63120,IT/Electronics
263750,01152470,펄어비스,58211,IT/Electronics
181710,00983271,NHN,5821,IT/Electronics
123890,00404701,한국자산신탁,642,Finance
104200,00645089,NHN벅스,639,IT/Electronics
121800,00693651,비덴트,26421,IT/Electronics
092040,00545734,아미코젠,108,Consumer
161890,00939331,한국콜마,20423,Chemicals/Materials
072990,00527464,에이치시티,72911,Biotech/Healthcare
058850,00372882,KTcs,63991,IT/Electronics
000150,00117212,두산,26221,IT/Electronics
047810,00309503,한국항공우주,31311,Machinery/Transportation
060250,00357740,NHN KCP,661,Finance
126560,00403632,현대퓨처넷,61299,IT/Electronics
092600,00537337,앤씨앤,2611,IT/Electronics
034020,00159616,두산에너빌리티,29119,Machinery/Transportation
251270,00904672,넷마블,5821,IT/Electronics
161390,00937324,한국타이어앤테크놀로지,221,Chemicals/Materials
009450,00101488,경동나비엔,28520,Machinery/Transportation
002960,00158149,한국쉘석유,19221,Energy
032620,00220057,GC메디아이,58221,IT/Electronics
011790,00139889,SKC,204,Chemicals/Materials
101730,00643656,위메이드맥스,5821,IT/Electronics
112040,00444329,위메이드,5821,IT/Electronics
095660,00628860,네오위즈,5821,IT/Electronics
142280,00513948,녹십자엠에스,213,Biotech/Healthcare
002390,00161046,한독,212,Biotech/Healthcare
071840,00158307,롯데하이마트,47320,Consumer
012630,00164636,HDC,649,Finance
091700,00490151,파트론,2629,IT/Electronics
122900,00360142,아이마켓코리아,46800,Consumer
194370,00332927,제이에스코퍼레이션,15121,Consumer
043610,00223762,KT지니뮤직,603,Services
282330,01263022,BGF리테일,47122,Consumer
041440,00228536,현대에버다임,29241,Machinery/Transportation
000700,00163691,유수홀딩스,715,Services
027410,00219097,BGF,64992,Finance
020000,00188089,한섬,14112,Consumer
058860,00372873,KTis,63991,IT/Electronics
138930,00858364,BNK금융지주,64992,Finance
011170,00165413,롯데케미칼,20111,Chemicals/Materials
079160,00303873,CJ CGV,59141,Services
241560,01032486,두산밥캣,29241,Machinery/Transportation
006280,00129679,녹십자,212,Biotech/Healthcare
055550,00382199,신한지주,64992,Finance
030200,00190321,케이티,612,IT/Electronics
017960,00159795,한국카본,2512,Machinery/Transportation
065450,00385363,빅텍,27211,IT/Electronics
089590,00555874,제주항공,511,Machinery/Transportation
048530,00292434,인트론바이오,211,Biotech/Healthcare
004150,00171636,한솔홀딩스,64992,Finance
183300,00997812,코미코,29271,Machinery/Transportation
036570,00261443,NC,582,IT/Electronics
192080,01010110,더블유게임즈,5821,IT/Electronics
144510,01010642,지씨셀,73909,Services
286940,01262032,롯데이노베이트,62021,IT/Electronics
213500,01060744,한솔제지,171,Chemicals/Materials
052460,00405719,아이크래프트,620,IT/Electronics
006220,00148832,제주은행,64121,Finance
138080,00571483,오이솔루션,26410,IT/Electronics
037560,00222532,LG헬로비전,60222,Services
052260,00347062,현대바이오랜드,204,Chemicals/Materials
051500,00127954,CJ프레시웨이,4632,Consumer
079430,00300548,현대리바트,32029,IT/Electronics
010060,00148896,OCI홀딩스,64992,Finance
069410,00415707,엔텔스,58221,IT/Electronics
056190,00358271,에스에프에이,292,Machinery/Transportation
053800,00298270,안랩,58221,IT/Electronics
001630,00149354,종근당홀딩스,212,Biotech/Healthcare
018670,00144164,SK가스,46713,Consumer
009240,00161693,한샘,46431,Consumer
003550,00120021,LG,64992,Finance
033640,00227333,네패스,261,IT/Electronics
091810,00671376,트리니티항공,511,Machinery/Transportation
105560,00688996,KB금융,64992,Finance
221840,00688358,하이즈항공,313,Machinery/Transportation
067900,00190756,와이엔텍,38220,Energy
053610,00325112,프로텍,29271,Machinery/Transportation
000120,00113410,CJ대한통운,493,Machinery/Transportation
063080,00535746,컴투스홀딩스,582,IT/Electronics
033290,00155948,로젠,474,Consumer
078340,00476498,컴투스,5821,IT/Electronics
069960,00428251,현대백화점,47111,Consumer
014820,00132637,동원시스템즈,222,Chemicals/Materials
123420,00815767,위메이드플레이,5821,IT/Electronics
013570,00117179,디와이,64992,Finance
210540,01059605,디와이파워,29241,Machinery/Transportation
078000,00361488,텔코웨어,631,IT/Electronics
069260,00426086,티케이지휴켐스,2049,Chemicals/Materials
069080,00405320,웹젠,5821,IT/Electronics
226320,00911955,잇츠한불,20423,Chemicals/Materials
083930,00442145,아바코,29272,Machinery/Transportation
010130,00102858,고려아연,24213,Chemicals/Materials
272550,01060814,삼양패키징,22232,Chemicals/Materials
149950,00442048,아바텍,26211,IT/Electronics
027040,00130587,서울전자통신,281,Machinery/Transportation
004060,00133511,SG세계물산,46800,Consumer
089600,00486097,KT나스미디어,71310,Services
228850,00899459,레이언스,27111,IT/Electronics
011780,00106368,금호석유화학,201,Chemicals/Materials
039130,00269940,하나투어,75210,Other
100030,00641171,인지소프트,58222,IT/Electronics
214150,01061327,클래시스,271,IT/Electronics
900300,01169434,오가닉티코스메틱,64992,Finance
047560,00273420,이스트소프트,58221,IT/Electronics
005950,00145552,이수화학,20111,Chemicals/Materials
030530,00216647,원익홀딩스,201,Chemicals/Materials
069620,00427483,대웅제약,212,Biotech/Healthcare
092780,00117726,DYP,301,Machinery/Transportation
214430,00612489,아이쓰리시스템,2629,IT/Electronics
264660,00605328,씨앤지하이테크,29271,Machinery/Transportation
236200,01124653,슈프리마,26410,IT/Electronics
047310,00269612,파워로직스,2812,Machinery/Transportation
307950,00362441,현대오토에버,582,IT/Electronics
006650,00260383,대한유화,20111,Chemicals/Materials
004440,00109806,삼일씨엔에스,23325,Chemicals/Materials
008930,00161426,한미사이언스,64992,Finance
128940,00828497,한미약품,21212,Biotech/Healthcare
009420,00162586,한올바이오파마,212,Biotech/Healthcare
089470,00357935,HDC현대EP,204,Chemicals/Materials
019680,00108913,대교,851,Other
166090,00660750,하나머티리얼즈,2612,IT/Electronics
002760,00123107,보락,2049,Chemicals/Materials
230360,01029394,에코마케팅,71310,Services
061970,00412348,LB세미콘,2612,IT/Electronics
065510,00398668,휴비츠,27199,IT/Electronics
052690,00159209,한전기술,72129,Biotech/Healthcare
046120,00297989,오르비텍,7291,Biotech/Healthcare
000300,00126089,DH오토넥스,303,Machinery/Transportation
004710,00157399,한솔테크닉스,26299,IT/Electronics
005070,00129989,코스모신소재,204,Chemicals/Materials
013990,00138446,아가방컴퍼니,46414,Consumer
037950,00242712,엘컴텍,26291,IT/Electronics
011760,00164812,현대코퍼레이션,46800,Consumer
014790,00161116,HL D&I,41221,Construction
149980,00977641,하이로닉,27199,IT/Electronics
242040,01136348,나무기술,582,IT/Electronics
033270,00158963,유나이티드,212,Biotech/Healthcare
005940,00120182,NH투자증권,66121,Finance
096350,00177870,대창솔루션,251,Machinery/Transportation
024110,00149646,기업은행,64121,Finance
000040,00112378,KR모터스,319,Machinery/Transportation
078890,00441304,가온그룹,264,IT/Electronics
067280,00425351,멀티캠퍼스,85650,Other
001500,00137997,현대차증권,66121,Finance
316140,01350869,우리금융지주,64992,Finance
272290,01237540,이녹스첨단소재,2629,IT/Electronics
104830,00623661,원익머트리얼즈,20121,Chemicals/Materials
009320,00111689,아진전자부품,303,Machinery/Transportation
064760,00245472,티씨케이,23999,Chemicals/Materials
022100,00155212,포스코DX,72129,Biotech/Healthcare
009520,00128111,포스코엠텍,24199,Chemicals/Materials
002840,00121932,미원상사,204,Chemicals/Materials
247540,01160363,에코프로비엠,28202,Machinery/Transportation
039840,00115931,디오,27192,IT/Electronics
139670,00535375,키네마스터,58222,IT/Electronics
003850,00123143,보령,212,Biotech/Healthcare
002150,00114552,도화엔지니어링,72121,Biotech/Healthcare
089030,00535676,테크윙,29271,Machinery/Transportation
268280,01234297,미원에스씨,201,Chemicals/Materials
112610,00670340,씨에스윈드,2511,Machinery/Transportation
052860,00365758,아이앤씨,2611,IT/Electronics
134380,00855163,미원화학,20421,Chemicals/Materials
023450,00115065,동남합성,201,Chemicals/Materials
101490,00411048,에스앤에스텍,2629,IT/Electronics
082640,00117267,동양생명,65110,Finance
003540,00110893,대신증권,66121,Finance
032830,00126256,삼성생명,65110,Finance
016360,00104856,삼성증권,66121,Finance
100700,00362201,세운메디칼,213,Biotech/Healthcare
053350,00353610,이니텍,58221,IT/Electronics
265520,01203808,AP시스템,29272,Machinery/Transportation
006800,00111722,미래에셋증권,66121,Finance
192820,01009789,코스맥스,20423,Chemicals/Materials
044820,00219574,코스맥스비티아이,64992,Finance
239610,01011438,에이치엘사이언스,108,Consumer
023160,00153375,태광,2413,Chemicals/Materials
170030,00164502,현대공업,303,Machinery/Transportation
084180,00243979,수성웹툰,29169,Machinery/Transportation
037270,00249247,YG PLUS,631,IT/Electronics
000370,00135917,한화손해보험,65121,Finance
201490,00965813,미투온,5821,IT/Electronics
008600,00104999,윌비스,46413,Consumer
222040,00656289,코스맥스엔비티,108,Consumer
014440,00140779,영보화학,2225,Chemicals/Materials
000390,00129387,SP삼화,20411,Chemicals/Materials
145020,00888347,휴젤,211,Biotech/Healthcare
003690,00113191,코리안리,65200,Finance
011930,00136271,신성이엔지,2612,IT/Electronics
040420,00287788,정상제이엘에스,8550,Other
000890,00123541,보해양조,11122,Consumer
122310,00799539,제노레이,27111,IT/Electronics
200780,00256043,비씨월드제약,212,Biotech/Healthcare
104620,00632845,노랑풍선,75210,Other
082210,00327396,옵트론텍,273,IT/Electronics
050760,00340272,에스폴리텍,222,Chemicals/Materials
203450,00408266,유니온바이오메트릭스,26429,IT/Electronics
003520,00141149,영진약품,212,Biotech/Healthcare
046440,00405278,KG파이낸셜,582,IT/Electronics
014620,00132318,성광벤드,24133,Chemicals/Materials
005320,00168331,온타이드,46413,Consumer
039490,00296290,키움증권,66121,Finance
143160,00883980,아이디스,26429,IT/Electronics
054800,00359580,아이디스홀딩스,71600,Services
093190,00478900,빅솔론,263,IT/Electronics
012700,00117708,리드코프,46712,Consumer
025320,00203023,시노펙스,2629,IT/Electronics
131370,00838962,알서포트,58222,IT/Electronics
238090,00942131,앤디포스,222,Chemicals/Materials
051360,00390365,토비스,265,IT/Electronics
052330,00305297,코텍,26519,IT/Electronics
013030,00165060,하이록코리아,241,Chemicals/Materials
032080,00201131,아즈텍WB,13402,Chemicals/Materials
099750,00490090,이지케어텍,58222,IT/Electronics
100790,00340096,미래에셋벤처투자,649,Finance
043150,00264255,바텍,271,IT/Electronics
003470,00117601,유안타증권,66121,Finance
299900,01276327,위지윅스튜디오,59120,Services
102120,00591441,어보브반도체,2612,IT/Electronics
105740,00533003,디케이락,29133,Machinery/Transportation
215380,01065013,우정바이오,701,Services
036530,00225159,SNT홀딩스,64992,Finance
003570,00134477,SNT다이내믹스,30331,Machinery/Transportation
064960,00398792,SNT모티브,303,Machinery/Transportation
100840,00648721,SNT에너지,29176,Machinery/Transportation
006040,00118026,동원산업,64992,Finance
092730,00551920,네오팜,20423,Chemicals/Materials
072020,00415327,중앙백신,211,Biotech/Healthcare
054450,00423177,텔레칩스,2611,IT/Electronics
036030,00260958,케이티알파,461,Consumer
078160,00453929,메디포스트,211,Biotech/Healthcare
090460,00447609,비에이치,2622,IT/Electronics
001430,00106669,세아베스틸지주,2411,Chemicals/Materials
010660,00166500,화천기계,29223,Machinery/Transportation
139130,00878915,iM금융지주,64992,Finance
038680,00264635,에스넷,62021,IT/Electronics
044340,00293886,위닉스,28519,Machinery/Transportation
151860,00366137,KG에코솔루션,302,Machinery/Transportation
900140,00838500,엘브이엠씨,451,Machinery/Transportation
215480,01064069,토박스코리아,474,Consumer
239340,01128622,이스트에이드,631,IT/Electronics
000100,00145109,유한양행,212,Biotech/Healthcare
002320,00163512,한진,49309,Machinery/Transportation
121850,00807397,코이즈,222,Chemicals/Materials
043200,00266934,파루,281,Machinery/Transportation
097780,00562360,에코볼트,303,Machinery/Transportation
082740,00361008,한화엔진,29111,Machinery/Transportation
049630,00147082,재영솔루텍,27309,IT/Electronics
005090,00125150,SGC에너지,351,Energy
263860,00962223,지니언스,58221,IT/Electronics
043220,00317487,티에스넥스젠,292,Machinery/Transportation
067990,00449379,도이치모터스,451,Machinery/Transportation
081000,00508274,일진다이아,204,Chemicals/Materials
052400,00349732,코나아이,58221,IT/Electronics
097520,00564562,엠씨넥스,26519,IT/Electronics
241840,00975290,에이스토리,591,Services
228670,00828761,레이,27111,IT/Electronics
078590,00230814,휴림에이텍,303,Machinery/Transportation
313760,00863038,캐리,2811,Machinery/Transportation
251970,00761059,펌텍코리아,22232,Chemicals/Materials
186230,00602279,그린플러스,24222,Chemicals/Materials
270870,01214248,뉴트리,108,Consumer
015020,00134565,이스타코,68121,Construction
036540,00301246,SFA반도체,2611,IT/Electronics
138070,00577380,신진에스엠,259,Machinery/Transportation
089850,00592653,유비벨록스,58221,IT/Electronics
222980,00579139,한국맥널티,108,Consumer
030520,00204262,한글과컴퓨터,582,IT/Electronics
064260,00389970,다날,582,IT/Electronics
251370,00602172,와이엠티,201,Chemicals/Materials
049950,00447760,미래컴퍼니,29271,Machinery/Transportation
038540,00306162,상상인,620,IT/Electronics
092460,00528515,한라IMS,31114,Machinery/Transportation
086390,00540447,유니테스트,29271,Machinery/Transportation
031440,00274933,신세계푸드,561,Other
142210,00879020,유니트론텍,46522,Consumer
194480,01008762,데브시스터즈,58212,IT/Electronics
005610,00125530,삼립,108,Consumer
094170,00695969,동운아나텍,2611,IT/Electronics
192410,00623184,오늘이엔엠,2642,IT/Electronics
259630,00833064,엠플러스,292,Machinery/Transportation
282880,01211232,코윈테크,292,Machinery/Transportation
054050,00176835,NH농우바이오,01123,Other
099440,00580056,스맥,29221,Machinery/Transportation
099220,00574611,SDN,4659,Consumer
122640,00530556,예스티,29271,Machinery/Transportation
030720,00118044,동원수산,03111,Other
054180,00356839,메디콕스,31114,Machinery/Transportation
089890,00365934,코세스,29271,Machinery/Transportation
084650,00545114,랩지노믹스,70113,Services
173130,00867849,오파스넷,62021,IT/Electronics
900290,01170962,GRT,64992,Finance
336370,01412822,솔루스첨단소재,26299,IT/Electronics
300120,01251489,라온피플,582,IT/Electronics
277410,01243161,인산가,108,Consumer
053280,00362858,예스24,4791,Consumer
069640,00357360,한세엠케이,4741,Consumer
105630,00728638,한세실업,14199,Consumer
016450,00161976,한세예스24홀딩스,1419,Consumer
004540,00113492,깨끗한나라,171,Chemicals/Materials
042520,00349060,한스바이오메드,213,Biotech/Healthcare
318010,00986898,팜스빌,108,Consumer
037710,00220561,광주신세계,47111,Consumer
005880,00113535,대한해운,50112,Machinery/Transportation
031430,00234412,신세계인터내셔날,4741,Consumer
081150,00497631,티플랙스,242,Chemicals/Materials
084850,00579980,아이티엠반도체,2629,IT/Electronics
047920,00336817,HLB제약,70111,Services
013890,00150633,지누스,320,IT/Electronics
032850,00231707,비트컴퓨터,58221,IT/Electronics
205470,01042979,휴마시스,213,Biotech/Healthcare
097800,00536286,윈팩,2612,IT/Electronics
007700,00126487,F&F 홀딩스,64992,Finance
263600,00571298,덕우전자,2629,IT/Electronics
143240,00857480,사람인,63120,IT/Electronics
950140,01165739,잉글우드랩,204,Chemicals/Materials
082920,00154718,비츠로셀,28201,Machinery/Transportation
075130,00490179,플랜티넷,620,IT/Electronics
290120,01182578,DH오토리드,30399,Machinery/Transportation
023760,00149594,한국캐피탈,64911,Finance
213420,01061558,덕산네오룩스,262,IT/Electronics
319660,01365825,피에스케이,29271,Machinery/Transportation
007340,00116949,DN오토모티브,28202,Machinery/Transportation
060150,00375931,인선이엔티,38230,Energy
017940,00165583,E1,46713,Consumer
039340,00263371,한국경제TV,60221,Services
072950,00359261,빛샘전자,262,IT/Electronics
306040,01222432,에스제이그룹,15129,Consumer
060590,00362292,씨티씨바이오,212,Biotech/Healthcare
234690,01135057,녹십자웰빙,212,Biotech/Healthcare
065370,00374738,위세아이텍,58221,IT/Electronics
336260,01412725,두산퓨얼셀,28111,Machinery/Transportation
241520,01109715,DSC인베스트먼트,64209,Finance
272210,00339391,한화시스템,26299,IT/Electronics
210980,00508344,SK디앤디,68122,Construction
180640,00983040,한진칼,64992,Finance
322000,01199550,HD현대에너지솔루션,2612,IT/Electronics
317400,00367844,자이에스앤디,681,Construction
074600,00468374,원익QnC,2312,Chemicals/Materials
036120,00260745,서울평가정보,63991,IT/Electronics
020120,00140131,키다리스튜디오,631,IT/Electronics
023770,00138367,플레이위드,582,IT/Electronics
086960,00445841,MDS테크,58221,IT/Electronics
036930,00252135,주성엔지니어링,29229,Machinery/Transportation
001440,00113207,대한전선,28302,Machinery/Transportation
067000,00397252,조이시티,5821,IT/Electronics
095910,00585538,에스에너지,2811,Machinery/Transportation
288620,01257872,에스프리즘,281,Machinery/Transportation
263690,00966168,디알젬,27111,IT/Electronics
115610,00694942,이미지스,2611,IT/Electronics
058610,00220686,에스피지,28111,Machinery/Transportation
037230,00198192,한국팩키지,17223,Chemicals/Materials
012200,00102618,계양전기,291,Machinery/Transportation
256840,01179617,한국비엔씨,211,Biotech/Healthcare
095190,00526951,신화프리텍,259,Machinery/Transportation
114810,00625942,한솔아이원스,2927,Machinery/Transportation
302550,01275665,리메드,27199,IT/Electronics
232140,01109539,와이씨,292,Machinery/Transportation
263700,01187148,케어랩스,713,Services
000400,00113562,롯데손해보험,65121,Finance
001060,00149947,JW중외제약,212,Biotech/Healthcare
234080,00225706,JW생명과학,212,Biotech/Healthcare
096760,00632304,JW홀딩스,64992,Finance
067290,00110431,JW신약,212,Biotech/Healthcare
219420,01109955,링크제니시스,58222,IT/Electronics
160980,00659161,싸이맥스,29271,Machinery/Transportation
092190,00488402,서울바이오시스,2612,IT/Electronics
002900,00117230,TYM,29210,Machinery/Transportation
278280,00897752,천보,201,Chemicals/Materials
253590,01170865,네오셈,292,Machinery/Transportation
214370,00549891,케어젠,211,Biotech/Healthcare
027970,00133706,한국제지,171,Chemicals/Materials
058110,00270113,멕아이씨에스,271,IT/Electronics
068930,00398808,디지털대성,855,Other
204020,00671978,그리티,14120,Consumer
042700,00161383,한미반도체,29271,Machinery/Transportation
030610,00113359,교보증권,66121,Finance
277880,01139035,티에스아이,292,Machinery/Transportation
326030,00878696,에스케이바이오팜,7011,Services
298540,01214743,더네이쳐홀딩스,144,Consumer
033540,00105138,파라텍,292,Machinery/Transportation
011200,00164645,HMM,50112,Machinery/Transportation
225220,01062177,제놀루션,211,Biotech/Healthcare
253840,01063954,수젠텍,213,Biotech/Healthcare
106240,00755739,파인테크닉스,28410,Machinery/Transportation
079810,00445160,APS이노베이션,289,Machinery/Transportation
003160,00118275,디아이,27212,IT/Electronics
069140,00410997,누리플랜,25112,Machinery/Transportation
278650,01189438,HLB바이오스텝,70113,Services
117730,00867098,티로보틱스,29271,Machinery/Transportation
900310,01236286,컬러레이,649,Finance
191420,00926522,테고사이언스,211,Biotech/Healthcare
101360,00619640,에코앤드림,282,Machinery/Transportation
290550,01137903,디케이티,26224,IT/Electronics
000490,00109286,대동,29210,Machinery/Transportation
205100,01042085,엑셈,58221,IT/Electronics
038070,00373447,서린바이오,467,Consumer
192650,00415646,드림텍,2629,IT/Electronics
214610,01049167,롤링스톤,27199,IT/Electronics
318410,01153105,비비씨,204,Chemicals/Materials
352820,01204056,하이브,592,Services
090710,00540429,휴림로봇,29280,Machinery/Transportation
032980,00232089,바이온,463,Consumer
950190,01416235,고스트스튜디오,58212,IT/Electronics
304100,01050738,솔트룩스,58222,IT/Electronics
064550,00326731,바이오니아,213,Biotech/Healthcare
004090,00157991,한국석유공업,23999,Chemicals/Materials
337930,01391103,젝시믹스,639,IT/Electronics
293490,01137383,카카오게임즈,5821,IT/Electronics
028670,00122737,팬오션,50112,Machinery/Transportation
156100,00918222,엘앤케이바이오,27194,IT/Electronics
344820,01428203,케이씨씨글라스,2311,Chemicals/Materials
060280,00356802,큐렉소,47812,Consumer
375500,01524093,DL이앤씨,412,Construction
108320,00525934,LX세미콘,2612,IT/Electronics
177350,00813389,베셀,222,Chemicals/Materials
100590,00364740,머큐리,2642,IT/Electronics
318020,00962393,포인트모바일,263,IT/Electronics
084370,00531014,유진테크,29271,Machinery/Transportation
196170,00989619,알테오젠,70113,Services
042500,00352499,링네트,62021,IT/Electronics
086450,00114808,동국제약,212,Biotech/Healthcare
307930,00598198,컴퍼니케이,649,Finance
096530,00788773,씨젠,2130,Biotech/Healthcare
248070,01159233,솔루엠,2629,IT/Electronics
294630,00867973,서남,289,Machinery/Transportation
169330,00877174,엠브레인,71400,Services
339770,00453284,교촌에프앤비,46313,Consumer
104540,00541437,코렌텍,27112,IT/Electronics
005870,00111421,휴니드테크놀러지스,2642,IT/Electronics
060980,00299002,HL홀딩스,64992,Finance
071950,00210856,코아스,320,IT/Electronics
005300,00120571,롯데칠성음료,11209,Consumer
352700,00875237,씨앤투스,205,Chemicals/Materials
357780,01489648,솔브레인,204,Chemicals/Materials
280360,01258507,롯데웰푸드,108,Consumer
203690,01036367,아크솔루션스,171,Chemicals/Materials
241690,00531865,유니테크노,30331,Machinery/Transportation
340570,00608440,티앤엘,213,Biotech/Healthcare
012030,00163345,DB,62021,IT/Electronics
064850,00331016,에프앤가이드,639,IT/Electronics
950130,00956028,엑세스바이오,213,Biotech/Healthcare
005420,00160302,코스모화학,2049,Chemicals/Materials
239890,01112889,피엔에이치테크,20119,Chemicals/Materials
090410,00454937,덕신이피씨,25112,Machinery/Transportation
124560,00562245,태웅로직스,5299,Machinery/Transportation
036010,00138598,아비코전자,26293,IT/Electronics
079000,00455875,와토스코리아,22222,Chemicals/Materials
361610,01386916,SK아이이테크놀로지,282,Machinery/Transportation
261200,01187494,덴티스,271,IT/Electronics
079940,00506294,가비아,58221,IT/Electronics
090850,00656951,현대이지웰,58222,IT/Electronics
136480,00857727,하림,1012,Consumer
003090,00111810,대웅,212,Biotech/Healthcare
206640,01046708,바디텍메드,213,Biotech/Healthcare
095700,00545929,제넥신,70113,Services
004560,00125743,현대비앤지스틸,24122,Chemicals/Materials
302440,01319899,SK바이오사이언스,211,Biotech/Healthcare
175140,00861997,휴먼테크놀로지,264,IT/Electronics
330860,01368354,네패스아크,739,Services
053580,00323868,웹케시,582,IT/Electronics
003530,00148610,한화투자증권,66121,Finance
155650,00870861,와이엠씨,262,IT/Electronics
021040,00166175,대호특수강,24123,Chemicals/Materials
023440,00148531,제이스코홀딩스,24121,Chemicals/Materials
376980,01441611,원티드랩,58221,IT/Electronics
065660,00631837,안트로젠,467,Consumer
259960,00760971,크래프톤,5821,IT/Electronics
039740,00261957,한국정보공학,467,Consumer
012160,00141477,영흥,24123,Chemicals/Materials
332370,01213586,아이디피,26329,IT/Electronics
140670,00858124,알에스오토메이션,262,IT/Electronics
383310,01566248,에코프로에이치엔,204,Chemicals/Materials
234340,00763701,헥토파이낸셜,661,Finance
252990,01199727,샘씨엔에스,2629,IT/Electronics
071050,00432102,한국금융지주,64992,Finance
329180,01390344,HD현대중공업,31113,Machinery/Transportation
317770,01231786,엑스페릭스,262,IT/Electronics
095270,00526696,웨이브일렉트로,272,IT/Electronics
352480,01226410,씨앤씨인터내셔널,20423,Chemicals/Materials
032750,00173351,삼진,264,IT/Electronics
377300,01244601,카카오페이,66199,Finance
016380,00115676,KG스틸,24122,Chemicals/Materials
195940,01012066,HK이노엔,212,Biotech/Healthcare
005290,00118804,동진쎄미켐,20129,Chemicals/Materials
241710,00763473,코스메카코리아,20423,Chemicals/Materials
383220,01568413,F&F,14111,Consumer
381970,01323032,케이카,45120,Machinery/Transportation
089860,00545716,롯데렌탈,76110,Other
281740,01255652,레이크머티리얼즈,204,Chemicals/Materials
323410,01133217,카카오뱅크,64121,Finance
241790,01113754,티이엠씨씨엔에스,292,Machinery/Transportation
041020,00269852,폴라리스오피스,58221,IT/Electronics
048550,00185046,SM C&C,713,Services
041510,00260930,에스엠,59201,Services
377450,01210066,리파인,63991,IT/Electronics
215790,01065679,이노인스트루먼트,264,IT/Electronics
046070,00295857,코다코,303,Machinery/Transportation
000240,00160047,한국앤컴퍼니,64992,Finance
073490,00462121,LIG아큐버,2642,IT/Electronics
095570,00365387,AJ네트웍스,76320,Other
032820,00231044,우리기술,281,Machinery/Transportation
060570,00364467,드림어스컴퍼니,603,Services
215200,01074862,메가스터디교육,85503,Other
383800,01562589,LX홀딩스,64992,Finance
009410,00153861,태영건설,41221,Construction
003230,00126955,삼양식품,108,Consumer
066970,00398701,엘앤에프,28202,Machinery/Transportation
373220,01515323,LG에너지솔루션,28202,Machinery/Transportation
007570,00146454,일양약품,212,Biotech/Healthcare
357230,01068737,에이치피오,108,Consumer
034810,00219361,해성산업,649,Finance
081660,00195229,미스토홀딩스,464,Consumer
290690,00605522,소룩스,28422,Machinery/Transportation
084730,00438036,팅크웨어,264,IT/Electronics
232680,00911229,라온로보틱스,29280,Machinery/Transportation
001230,00114792,동국홀딩스,649,Finance
099320,00449254,쎄트렉아이,3131,Machinery/Transportation
079550,00503668,LIG디펜스앤에어로스페이스,25200,Machinery/Transportation
025980,00161781,아난티,551,Other
028300,00199252,HLB,213,Biotech/Healthcare
115530,00660033,씨엔플러스,262,IT/Electronics
348350,00925587,위드텍,27213,IT/Electronics
049520,00256380,유아이엘,2629,IT/Electronics
196450,01031502,코아시아씨엠,273,IT/Electronics
095340,00572905,ISC,465,Consumer
365590,01505186,하이딥,261,IT/Electronics
001570,00106119,금양,201,Chemicals/Materials
137310,00854997,에스디바이오센서,27112,IT/Electronics
236810,01051065,엔비티,71310,Services
100090,00480367,SK오션플랜트,2413,Chemicals/Materials
009290,00103592,광동제약,21220,Biotech/Healthcare
002680,00140566,한탑,105,Consumer
126600,00599595,BGF에코머티리얼즈,20202,Chemicals/Materials
039030,00246417,이오테크닉스,29271,Machinery/Transportation
060230,00363510,제이케이시냅스,204,Chemicals/Materials
000640,00116824,동아쏘시오홀딩스,64992,Finance
146320,01301623,비씨엔씨,261,IT/Electronics
361390,01014718,제노코,26429,IT/Electronics
058970,00396925,엠로,582,IT/Electronics
067390,00409681,아스트,31322,Machinery/Transportation
000520,00128032,삼일제약,212,Biotech/Healthcare
284620,01263527,카이노스메드,701,Services
013720,00151605,THE CUBE&,303,Machinery/Transportation
347770,01405390,핌스,26212,IT/Electronics
003000,00123718,부광약품,212,Biotech/Healthcare
403870,01288827,HPSP,29271,Machinery/Transportation
032350,00231372,롯데관광개발,75210,Other
005810,00155531,풍산홀딩스,64992,Finance
134580,00608699,탑코미디어,631,IT/Electronics
404990,01436558,신한서부티엔디리츠,68112,Construction
112290,00619507,와이씨켐,20491,Chemicals/Materials
336570,01407909,원텍,271,IT/Electronics
090470,00493185,제이스로보틱스,29271,Machinery/Transportation
400760,01480780,NH올원리츠,6812,Construction
075580,00415628,세진중공업,31114,Machinery/Transportation
393890,01291317,더블유씨피,28202,Machinery/Transportation
007370,00150536,진양제약,212,Biotech/Healthcare
200470,00667425,에이팩트,261,IT/Electronics
004370,00108241,농심,108,Consumer
086900,00580199,메디톡스,211,Biotech/Healthcare
353200,01478712,대덕전자,2622,IT/Electronics
417970,00657783,모델솔루션,292,Machinery/Transportation
138360,00808068,앤로보틱스,292,Machinery/Transportation
064480,00359076,브리지텍,58221,IT/Electronics
024720,00203290,콜마홀딩스,64992,Finance
377740,00622787,바이오노트,213,Biotech/Healthcare
054780,00353762,키이스트,59130,Services
127980,00527002,화인써키트,262,IT/Electronics
028080,00219440,휴맥스홀딩스,620,IT/Electronics
403550,01026157,쏘카,76110,Other
222080,01090471,씨아이에스,292,Machinery/Transportation
441270,01686755,파인엠텍,26299,IT/Electronics
180400,00995993,DXVX,729,Biotech/Healthcare
327260,01343665,RF머트리얼즈,26299,IT/Electronics
008470,00124276,부스타,25130,Machinery/Transportation
073240,00481454,금호타이어,221,Chemicals/Materials
079190,00479705,케스피온,26422,IT/Electronics
178320,00838005,서진시스템,289,Machinery/Transportation
425040,01301252,티이엠씨,20121,Chemicals/Materials
419120,01516368,산돌,58222,IT/Electronics
089010,00371485,켐트로닉스,204,Chemicals/Materials
108860,00666064,셀바스AI,5822,IT/Electronics
060370,00225742,LS마린솔루션,423,Construction
138040,00860332,메리츠금융지주,64992,Finance
453340,01721809,현대그린푸드,471,Consumer
214180,01013311,헥토이노베이션,63991,IT/Electronics
272450,00653024,진에어,511,Machinery/Transportation
168360,00957373,펨트론,292,Machinery/Transportation
267790,01182240,배럴,1419,Consumer
086980,00303794,쇼박스,59130,Services
298690,00651901,에어부산,511,Machinery/Transportation
122350,00799177,삼기,303,Machinery/Transportation
460860,01765265,동국제강,241,Chemicals/Materials
460850,01765256,동국씨엠,24122,Chemicals/Materials
217270,01067808,넵튠,582,IT/Electronics
456040,01760738,OCI,20129,Chemicals/Materials
395400,01535150,SK리츠,68112,Construction
361570,01303029,알비더블유,59201,Services
376930,01494118,노을,27112,IT/Electronics
020150,00113997,롯데에너지머티리얼즈,2629,IT/Electronics
900250,01107665,크리스탈신소재,64992,Finance
000990,00160843,DB하이텍,2611,IT/Electronics
086890,00526872,이수앱지스,213,Biotech/Healthcare
006490,00122825,인스코비,612,IT/Electronics
204610,00609661,티쓰리,5821,IT/Electronics
002350,00173874,넥센타이어,221,Chemicals/Materials
063440,00367604,SM Life Design,182,Consumer
418550,00411808,제이오,721,Biotech/Healthcare
042660,00111704,한화오션,3111,Machinery/Transportation
131030,00831428,옵투스제약,212,Biotech/Healthcare
454910,01105153,두산로보틱스,2928,Machinery/Transportation
446540,00923516,메가터치,28201,Machinery/Transportation
115180,01042650,큐리언트,70113,Services
066590,00301422,스모트로닉,303,Machinery/Transportation
087600,00495086,픽셀플러스,2629,IT/Electronics
150900,00638487,파수AI,58221,IT/Electronics
472850,01806951,폰드그룹,474,Consumer
092790,00220613,넥스틸,2419,Chemicals/Materials
006260,00105952,LS,64992,Finance
105330,00606664,케이엔더블유,303,Machinery/Transportation
394280,01571107,오픈엣지테크놀로지,582,IT/Electronics
450080,01311408,에코프로머티,28202,Machinery/Transportation
396300,00534701,세아메카닉스,259,Machinery/Transportation
290740,01141942,액트로,262,IT/Electronics
412540,00528791,제일엠앤에스,292,Machinery/Transportation
214450,00970453,파마리서치,213,Biotech/Healthcare
408920,01596656,메쎄이상,759,Other
003580,00169048,HLB글로벌,471,Consumer
352090,01226270,스톰테크,22211,Chemicals/Materials
278470,01190568,에이피알,20423,Chemicals/Materials
355690,01444380,에이텀,262,IT/Electronics
199550,01161432,레이저옵텍,27112,IT/Electronics
443060,01194689,HD현대마린솔루션,7212,Biotech/Healthcare
293580,00651017,나우IB,64919,Finance
062040,00366438,산일전기,28112,Machinery/Transportation
462870,01384787,시프트업,58212,IT/Electronics
071970,00406046,HD현대마린엔진,29119,Machinery/Transportation
443250,01468061,레뷰코퍼레이션,71310,Services
473980,01703849,노머스,90199,Services
336680,00814582,탑런토탈솔루션,262,IT/Electronics
003200,00146269,일신방직,13101,Chemicals/Materials
487570,01854763,HS효성,64999,Finance
246710,01109937,티앤알바이오팹,21100,Biotech/Healthcare
102370,00668600,케이옥션,4610,Consumer
178780,00923826,일월지엠엘,468,Consumer
284740,01267684,쿠쿠홈시스,762,Other
270660,01201590,에브리봇,28519,Machinery/Transportation
294570,01311055,쿠콘,639,IT/Electronics
212710,01208751,아이에스티이,261,IT/Electronics
484870,01519790,엠앤씨솔루션,292,Machinery/Transportation
099430,00636656,바이오플러스,211,Biotech/Healthcare
475150,01817081,SK이터닉스,411,Construction
381620,01293485,제닉스로보틱스,29299,Machinery/Transportation
466410,01207901,사이냅소프트,58222,IT/Electronics
002990,00106313,금호건설,41112,Construction
064400,00139834,LG씨엔에스,62021,IT/Electronics
478560,01718407,블랙야크아이앤씨,152,Consumer
172670,00493325,에이엘티,2612,IT/Electronics
489790,01867758,한화비전,264,IT/Electronics
096250,00351427,와이즈넛,58221,IT/Electronics
017860,00108612,DS단석,204,Chemicals/Materials
241770,00652007,메카로,261,IT/Electronics
079970,00596260,투비소프트,58221,IT/Electronics
499790,01882845,GS피앤엘,64992,Finance
066700,00249894,테라젠이텍스,212,Biotech/Healthcare
279600,01190124,미디어젠,58222,IT/Electronics
205500,01042429,넥써쓰,582,IT/Electronics
004490,00133858,세방전지,28202,Machinery/Transportation
461030,01497373,아이엠비디엑스,701,Services
133820,00661847,화인베스틸,24121,Chemicals/Materials
482630,00863533,삼양엔씨켐,20499,Chemicals/Materials
355390,01514005,크라우드웍스,582,IT/Electronics
237820,00862853,플레이디,71310,Services
439580,01559637,블루엠텍,467,Consumer
474610,01286476,RF시스템즈,25924,Machinery/Transportation
300080,01237434,플리토,63120,IT/Electronics
009180,00140946,한솔로지스틱스,5299,Machinery/Transportation
303360,01267958,프로티아,271,IT/Electronics
081180,00406222,쎄크,291,Machinery/Transportation
352910,00494546,오비고,620,IT/Electronics
035900,00258689,JYP Ent.,59201,Services
214270,01061497,FSN,582,IT/Electronics
053980,00226547,오상자이엘,582,IT/Electronics
462860,01563667,더즌,612,IT/Electronics
257720,00982023,실리콘투,46800,Consumer
402490,01370863,그린리소스,261,IT/Electronics
483650,01649204,달바글로벌,20423,Chemicals/Materials
080530,00308559,코디,204,Chemicals/Materials
376300,01456011,디어유,58222,IT/Electronics
376900,01335143,로킷헬스케어,21309,Biotech/Healthcare
317450,00179489,명인제약,21212,Biotech/Healthcare
476060,01632912,온코닉테라퓨틱스,701,Services
002780,00150828,진흥기업,41221,Construction
001390,00101220,KG케미칼,201,Chemicals/Materials
069920,00426068,엑시온그룹,479,Consumer
439260,00182696,대한조선,3111,Machinery/Transportation
318060,01565054,그래피,20202,Chemicals/Materials
0126Z0,01965324,삼성에피스홀딩스,64992,Finance
061090,01010615,세나테크놀로지,26429,IT/Electronics
229000,01051472,젠큐릭스,213,Biotech/Healthcare
258790,01182408,소프트캠프,582,IT/Electronics
367000,01454341,플래티어,58222,IT/Electronics
488280,01803635,에스투더블유,582,IT/Electronics
388050,01462605,지투파워,28123,Machinery/Transportation
031210,00112998,서울보증보험,65122,Finance
012860,00137234,모베이스전자,303,Machinery/Transportation
192400,00132354,쿠쿠홀딩스,649,Finance
0010V0,00185301,제이피아이헬스케어,27199,IT/Electronics
384470,01512575,코어라인소프트,58222,IT/Electronics
481070,01803927,에이유브랜즈,47430,Consumer
211050,01013694,인카금융서비스,66202,Finance
217590,00949161,티엠씨,2830,Machinery/Transportation
0009K0,01781999,에임드바이오,70113,Services
068760,00541349,셀트리온제약,212,Biotech/Healthcare
059210,00317681,메타바이오메드,213,Biotech/Healthcare
0015N0,01381805,아로마티카,20423,Chemicals/Materials
279570,01203312,케이뱅크,64121,Finance
0088M0,01780608,메쥬,27112,IT/Electronics
084010,00113225,대한제강,2411,Chemicals/Materials
007210,00122898,벽산,23999,Chemicals/Materials
039830,00141556,오로라,73203,Services
188040,01157846,바이오포트,108,Consumer
025750,00203582,한솔홈데코,161,Chemicals/Materials
440110,01292291,파두,26112,IT/Electronics
036690,00268118,코맥스,2642,IT/Electronics
043340,00203209,에쎈테크,29133,Machinery/Transportation
440320,01585155,오픈놀,58222,IT/Electronics
044380,00269241,주연테크,26310,IT/Electronics
089970,00544577,브이엠,29271,Machinery/Transportation
050110,00330044,캠시스,262,IT/Electronics
035290,00249502,골드앤에스,581,IT/Electronics
